search_kitchen, search_price_category, search_min_avg_rating, search_diet
Japanese Cuisine, $$$, 4.6, Non-Vegetarian
American Cuisine, $$$, 4.6, Non-Vegetarian
Italian Cuisine, $$$, 4.4, Non-Vegetarian
Mediterranean Cuisine, $$, 4.2, Vegetarian
Mediterranean Cuisine, $$, 4.1, Non-Vegetarian
Mediterranean Cuisine, $$, 4.2, Vegetarian
Italian Cuisine, $$, 4.3, Vegetarian
Indian Cuisine, $$$, 4.4, Non-Vegetarian
Indian Cuisine, $$$, 4.4, Non-Vegetarian
Chinese Cuisine, $$, 4.1, Non-Vegetarian
French Cuisine, $$, 4.3, Non-Vegetarian
Chinese Cuisine, $$$, 4.5, Vegetarian
Thai Cuisine, $$$, 4.4, Vegetarian
Mediterranean Cuisine, $$, 4.2, Vegetarian
American Cuisine, $$$, 4.7, Vegetarian
Chinese Cuisine, $$, 4.1, Non-Vegetarian
Indian Cuisine, $$$, 4.4, Non-Vegetarian
French Cuisine, $$, 4.3, Non-Vegetarian
Mexican Cuisine, $$, 4.2, Non-Vegetarian
American Cuisine, $$$, 4.6, Non-Vegetarian
Italian Cuisine, $$$, 4.4, Non-Vegetarian
Japanese Cuisine, $$, 4.3, Vegetarian
Italian Cuisine, $$$, 4.4, Non-Vegetarian
French Cuisine, $$$, 4.5, Vegetarian
Japanese Cuisine, $$, 4.3, Vegetarian
Italian Cuisine, $$$, 4.4, Non-Vegetarian
Indian Cuisine, $$$, 4.5, Non-Vegetarian
French Cuisine, $$, 4.3, Non-Vegetarian
Thai Cuisine, $$, 4.0, Non-Vegetarian
Indian Cuisine, $$, 4.1, Vegetarian
French Cuisine, $$$, 4.5, Vegetarian
Thai Cuisine, $$$, 4.4, Vegetarian
Mediterranean Cuisine, $$, 4.1, Non-Vegetarian
Indian Cuisine, $$$, 4.4, Non-Vegetarian
Mediterranean Cuisine, $$, 4.1, Non-Vegetarian
Thai Cuisine, $$$, 4.4, Vegetarian
Indian Cuisine, $$, 4.1, Vegetarian
Japanese Cuisine, $$, 4.3, Vegetarian
American Cuisine, $$$, 4.6, Non-Vegetarian
Chinese Cuisine, $$$, 4.5, Vegetarian
Japanese Cuisine, $$$, 4.6, Non-Vegetarian
French Cuisine, $$$, 4.5, Vegetarian
Japanese Cuisine, $$, 4.3, Vegetarian
American Cuisine, $$$, 4.6, Non-Vegetarian
Mexican Cuisine, $$$, 4.5, Vegetarian
Italian Cuisine, $$, 4.2, Vegetarian
Mediterranean Cuisine, $$, 4.2, Vegetarian
Italian Cuisine, $$$, 4.4, Non-Vegetarian
Mexican Cuisine, $$$, 4.5, Vegetarian
Thai Cuisine, $$$, 4.4, Vegetarian
French Cuisine, $$$, 4.6, Vegetarian
Italian Cuisine, $$$, 4.4, Non-Vegetarian
French Cuisine, $$, 4.3, Non-Vegetarian
Italian Cuisine, $$, 4.2, Vegetarian
French Cuisine, $$$, 4.6, Vegetarian
American Cuisine, $$$, 4.7, Vegetarian
American Cuisine, $$$, 4.7, Vegetarian
Mexican Cuisine, $$, 4.2, Non-Vegetarian
Mexican Cuisine, $$, 4.2, Non-Vegetarian
Mediterranean Cuisine, $$, 4.2, Vegetarian
Indian Cuisine, $$$, 4.4, Non-Vegetarian
Mediterranean Cuisine, $$, 4.2, Vegetarian
Japanese Cuisine, $$$, 4.6, Non-Vegetarian
Indian Cuisine, $$$, 4.4, Non-Vegetarian
Indian Cuisine, $$, 4.1, Vegetarian
Italian Cuisine, $$$, 4.4, Non-Vegetarian
Indian Cuisine, $$, 4.2, Vegetarian
Italian Cuisine, $$$, 4.4, Non-Vegetarian
French Cuisine, $$, 4.3, Non-Vegetarian
Chinese Cuisine, $$, 4.1, Non-Vegetarian
French Cuisine, $$, 4.3, Non-Vegetarian
Indian Cuisine, $$, 4.2, Vegetarian
Indian Cuisine, $$$, 4.4, Non-Vegetarian
Mediterranean Cuisine, $$, 4.1, Non-Vegetarian
French Cuisine, $$, 4.3, Non-Vegetarian
Indian Cuisine, $$$, 4.4, Non-Vegetarian
Mediterranean Cuisine, $$, 4.2, Vegetarian
Mexican Cuisine, $$, 4.2, Non-Vegetarian
Chinese Cuisine, $$$, 4.4, Vegetarian
American Cuisine, $$$, 4.7, Vegetarian
Indian Cuisine, $$$, 4.5, Non-Vegetarian
French Cuisine, $$, 4.3, Non-Vegetarian
Indian Cuisine, $$$, 4.4, Non-Vegetarian
Mediterranean Cuisine, $$, 4.1, Non-Vegetarian
Mexican Cuisine, $$, 4.2, Non-Vegetarian
Italian Cuisine, $$$, 4.4, Non-Vegetarian
Japanese Cuisine, $$, 4.3, Vegetarian
Italian Cuisine, $$, 4.2, Vegetarian
Mediterranean Cuisine, $$, 4.2, Vegetarian
Japanese Cuisine, $$, 4.3, Vegetarian
French Cuisine, $$, 4.3, Non-Vegetarian
Indian Cuisine, $$, 4.1, Vegetarian
Thai Cuisine, $$$, 4.4, Vegetarian
Mediterranean Cuisine, $$, 4.2, Vegetarian
Mexican Cuisine, $$, 4.2, Non-Vegetarian
Mediterranean Cuisine, $$, 4.2, Vegetarian
Japanese Cuisine, $$, 4.3, Vegetarian
Mediterranean Cuisine, $$, 4.1, Non-Vegetarian
French Cuisine, $$, 4.3, Non-Vegetarian
French Cuisine, $$$, 4.5, Vegetarian
Chinese Cuisine, $$$, 4.5, Vegetarian
Indian Cuisine, $$$, 4.5, Non-Vegetarian
Indian Cuisine, $$, 4.1, Vegetarian
Japanese Cuisine, $$$, 4.6, Non-Vegetarian
Thai Cuisine, $$, 4.0, Non-Vegetarian
Japanese Cuisine, $$, 4.3, Vegetarian
American Cuisine, $$$, 4.7, Vegetarian
Indian Cuisine, $$, 4.1, Vegetarian
Italian Cuisine, $$$, 4.4, Non-Vegetarian
Indian Cuisine, $$$, 4.5, Non-Vegetarian
Italian Cuisine, $$, 4.3, Vegetarian
Indian Cuisine, $$$, 4.4, Non-Vegetarian
American Cuisine, $$$, 4.7, Vegetarian
Japanese Cuisine, $$, 4.3, Vegetarian
Mexican Cuisine, $$$, 4.5, Vegetarian
Mexican Cuisine, $$$, 4.5, Vegetarian
Mexican Cuisine, $$$, 4.5, Vegetarian
Chinese Cuisine, $$, 4.2, Non-Vegetarian
Chinese Cuisine, $$, 4.1, Non-Vegetarian
Thai Cuisine, $$$, 4.4, Vegetarian
Mexican Cuisine, $$, 4.2, Non-Vegetarian
Indian Cuisine, $$, 4.2, Vegetarian
Thai Cuisine, $$, 4.0, Non-Vegetarian
Thai Cuisine, $$, 4.0, Non-Vegetarian
Mexican Cuisine, $$, 4.2, Non-Vegetarian
Italian Cuisine, $$, 4.2, Vegetarian
Thai Cuisine, $$$, 4.4, Vegetarian
American Cuisine, $$$, 4.7, Non-Vegetarian
Chinese Cuisine, $$, 4.1, Non-Vegetarian
Japanese Cuisine, $$$, 4.5, Non-Vegetarian
Japanese Cuisine, $$, 4.3, Vegetarian
French Cuisine, $$$, 4.6, Vegetarian
Indian Cuisine, $$$, 4.4, Non-Vegetarian
Indian Cuisine, $$, 4.1, Vegetarian
Thai Cuisine, $$, 4.0, Non-Vegetarian
Chinese Cuisine, $$, 4.1, Non-Vegetarian
Japanese Cuisine, $$, 4.3, Vegetarian
Italian Cuisine, $$$, 4.4, Non-Vegetarian
American Cuisine, $$$, 4.6, Vegetarian
Thai Cuisine, $$$, 4.4, Vegetarian
Italian Cuisine, $$$, 4.4, Non-Vegetarian
Italian Cuisine, $$, 4.1, Non-Vegetarian
French Cuisine, $$$, 4.5, Vegetarian
American Cuisine, $$$, 4.6, Non-Vegetarian
American Cuisine, $$$, 4.6, Non-Vegetarian
Italian Cuisine, $$$, 4.4, Non-Vegetarian
Indian Cuisine, $$$, 4.4, Non-Vegetarian
Indian Cuisine, $$, 4.1, Vegetarian
Italian Cuisine, $$, 4.2, Vegetarian
American Cuisine, $$$, 4.7, Vegetarian
Indian Cuisine, $$$, 4.4, Non-Vegetarian
Thai Cuisine, $$$, 4.4, Vegetarian
Chinese Cuisine, $$$, 4.5, Vegetarian
Mediterranean Cuisine, $$, 4.2, Vegetarian
Indian Cuisine, $$$, 4.4, Non-Vegetarian
Indian Cuisine, $$, 4.1, Vegetarian
Italian Cuisine, $$, 4.2, Vegetarian
Mediterranean Cuisine, $$, 4.2, Vegetarian
Mediterranean Cuisine, $$, 4.1, Non-Vegetarian
Mediterranean Cuisine, $$, 4.2, Vegetarian
American Cuisine, $$$, 4.6, Non-Vegetarian
Italian Cuisine, $$, 4.2, Vegetarian
American Cuisine, $$$, 4.7, Vegetarian
Mexican Cuisine, $$, 4.2, Non-Vegetarian
Italian Cuisine, $$, 4.3, Vegetarian
Japanese Cuisine, $$$, 4.6, Non-Vegetarian
American Cuisine, $$$, 4.6, Non-Vegetarian
Italian Cuisine, $$, 4.2, Vegetarian
French Cuisine, $$, 4.3, Non-Vegetarian
Italian Cuisine, $$$, 4.4, Non-Vegetarian
Italian Cuisine, $$, 4.2, Vegetarian
Indian Cuisine, $$, 4.1, Vegetarian
Italian Cuisine, $$$, 4.4, Non-Vegetarian
Thai Cuisine, $$, 4.0, Non-Vegetarian
Japanese Cuisine, $$, 4.3, Vegetarian
Mexican Cuisine, $$$, 4.5, Vegetarian
Japanese Cuisine, $$, 4.3, Vegetarian
American Cuisine, $$$, 4.6, Vegetarian
Mediterranean Cuisine, $$, 4.1, Non-Vegetarian
Chinese Cuisine, $$, 4.1, Non-Vegetarian
Italian Cuisine, $$$, 4.4, Non-Vegetarian
Mediterranean Cuisine, $$, 4.1, Non-Vegetarian
American Cuisine, $$$, 4.7, Non-Vegetarian
Mexican Cuisine, $$$, 4.5, Vegetarian
Mediterranean Cuisine, $$, 4.2, Vegetarian
Japanese Cuisine, $$$, 4.6, Non-Vegetarian
Japanese Cuisine, $$$, 4.6, Non-Vegetarian
French Cuisine, $$, 4.3, Non-Vegetarian
Thai Cuisine, $$$, 4.4, Vegetarian
American Cuisine, $$$, 4.6, Non-Vegetarian
Thai Cuisine, $$$, 4.4, Vegetarian
Indian Cuisine, $$, 4.1, Vegetarian
Chinese Cuisine, $$$, 4.4, Vegetarian
Italian Cuisine, $$, 4.3, Vegetarian
Italian Cuisine, $$, 4.1, Non-Vegetarian
Chinese Cuisine, $$, 4.1, Non-Vegetarian
Japanese Cuisine, $$$, 4.6, Non-Vegetarian
Japanese Cuisine, $$$, 4.6, Non-Vegetarian
Thai Cuisine, $$, 4.0, Non-Vegetarian
American Cuisine, $$$, 4.6, Vegetarian
American Cuisine, $$$, 4.7, Vegetarian
Mexican Cuisine, $$, 4.2, Non-Vegetarian
French Cuisine, $$, 4.3, Non-Vegetarian
French Cuisine, $$, 4.3, Non-Vegetarian
Thai Cuisine, $$$, 4.5, Vegetarian
Chinese Cuisine, $$$, 4.5, Vegetarian
Mexican Cuisine, $$, 4.3, Non-Vegetarian
Japanese Cuisine, $$, 4.4, Vegetarian
French Cuisine, $$, 4.3, Non-Vegetarian
American Cuisine, $$$, 4.7, Vegetarian
Japanese Cuisine, $$$, 4.6, Non-Vegetarian
Italian Cuisine, $$, 4.2, Vegetarian
Indian Cuisine, $$, 4.1, Vegetarian
American Cuisine, $$$, 4.7, Vegetarian
Japanese Cuisine, $$, 4.3, Vegetarian
Thai Cuisine, $$, 4.0, Non-Vegetarian
Japanese Cuisine, $$$, 4.6, Non-Vegetarian
American Cuisine, $$$, 4.7, Vegetarian
Mediterranean Cuisine, $$, 4.1, Non-Vegetarian
Indian Cuisine, $$, 4.2, Vegetarian
Italian Cuisine, $$, 4.3, Vegetarian
French Cuisine, $$$, 4.5, Vegetarian
Indian Cuisine, $$$, 4.4, Non-Vegetarian
French Cuisine, $$, 4.3, Non-Vegetarian
Japanese Cuisine, $$, 4.4, Vegetarian
Japanese Cuisine, $$$, 4.6, Non-Vegetarian
Indian Cuisine, $$, 4.1, Vegetarian
Thai Cuisine, $$, 4.0, Non-Vegetarian
American Cuisine, $$$, 4.6, Non-Vegetarian
Indian Cuisine, $$$, 4.4, Non-Vegetarian
Mediterranean Cuisine, $$, 4.2, Vegetarian
Italian Cuisine, $$, 4.2, Vegetarian
American Cuisine, $$$, 4.7, Vegetarian
Chinese Cuisine, $$, 4.1, Non-Vegetarian
Mediterranean Cuisine, $$, 4.1, Non-Vegetarian
Japanese Cuisine, $$, 4.3, Vegetarian
Italian Cuisine, $$, 4.2, Vegetarian
American Cuisine, $$$, 4.7, Vegetarian
Italian Cuisine, $$, 4.2, Vegetarian
Italian Cuisine, $$, 4.2, Vegetarian
Thai Cuisine, $$, 4.0, Non-Vegetarian
Japanese Cuisine, $$$, 4.6, Non-Vegetarian
Mexican Cuisine, $$, 4.2, Non-Vegetarian
Chinese Cuisine, $$$, 4.5, Vegetarian
French Cuisine, $$, 4.3, Non-Vegetarian
Mediterranean Cuisine, $$, 4.1, Non-Vegetarian
Indian Cuisine, $$$, 4.4, Non-Vegetarian
Chinese Cuisine, $$, 4.1, Non-Vegetarian
Japanese Cuisine, $$$, 4.6, Non-Vegetarian
American Cuisine, $$$, 4.6, Non-Vegetarian
Mexican Cuisine, $$, 4.2, Non-Vegetarian
Italian Cuisine, $$, 4.2, Vegetarian
American Cuisine, $$$, 4.6, Non-Vegetarian
Thai Cuisine, $$, 4.0, Non-Vegetarian
Mexican Cuisine, $$$, 4.5, Vegetarian
Mexican Cuisine, $$, 4.2, Non-Vegetarian
Mediterranean Cuisine, $$, 4.2, Vegetarian
Chinese Cuisine, $$, 4.1, Non-Vegetarian
Thai Cuisine, $$, 4.0, Non-Vegetarian
Japanese Cuisine, $$, 4.3, Vegetarian
American Cuisine, $$$, 4.7, Non-Vegetarian
Thai Cuisine, $$, 4.0, Non-Vegetarian
Mediterranean Cuisine, $$, 4.2, Vegetarian
Chinese Cuisine, $$, 4.1, Non-Vegetarian
Japanese Cuisine, $$, 4.3, Vegetarian
Mexican Cuisine, $$, 4.2, Non-Vegetarian
American Cuisine, $$$, 4.7, Vegetarian
Chinese Cuisine, $$, 4.1, Non-Vegetarian
Mexican Cuisine, $$, 4.2, Non-Vegetarian
French Cuisine, $$$, 4.5, Vegetarian
French Cuisine, $$$, 4.5, Vegetarian
Japanese Cuisine, $$, 4.3, Vegetarian
Japanese Cuisine, $$$, 4.5, Non-Vegetarian
Thai Cuisine, $$, 4.0, Non-Vegetarian
Japanese Cuisine, $$, 4.3, Vegetarian
Italian Cuisine, $$, 4.1, Non-Vegetarian
American Cuisine, $$$, 4.7, Non-Vegetarian
Mediterranean Cuisine, $$, 4.2, Vegetarian
Indian Cuisine, $$$, 4.4, Non-Vegetarian
Mediterranean Cuisine, $$, 4.1, Non-Vegetarian
Japanese Cuisine, $$, 4.3, Vegetarian
Chinese Cuisine, $$, 4.1, Non-Vegetarian
Mexican Cuisine, $$, 4.2, Non-Vegetarian
Mediterranean Cuisine, $$, 4.1, Non-Vegetarian
Indian Cuisine, $$, 4.2, Vegetarian
Japanese Cuisine, $$$, 4.5, Non-Vegetarian
Chinese Cuisine, $$, 4.1, Non-Vegetarian
Mediterranean Cuisine, $$, 4.1, Non-Vegetarian
French Cuisine, $$$, 4.5, Vegetarian
French Cuisine, $$$, 4.6, Vegetarian
Mexican Cuisine, $$, 4.2, Non-Vegetarian
French Cuisine, $$, 4.3, Non-Vegetarian
French Cuisine, $$$, 4.6, Vegetarian
Thai Cuisine, $$, 4.0, Non-Vegetarian
Chinese Cuisine, $$, 4.1, Non-Vegetarian
Mexican Cuisine, $$, 4.2, Non-Vegetarian
American Cuisine, $$$, 4.6, Non-Vegetarian
Italian Cuisine, $$, 4.1, Non-Vegetarian
Chinese Cuisine, $$$, 4.5, Vegetarian
Thai Cuisine, $$$, 4.4, Vegetarian
Mexican Cuisine, $$$, 4.5, Vegetarian
American Cuisine, $$$, 4.6, Non-Vegetarian
American Cuisine, $$$, 4.6, Vegetarian
Chinese Cuisine, $$$, 4.4, Vegetarian
Chinese Cuisine, $$, 4.1, Non-Vegetarian
Chinese Cuisine, $$$, 4.5, Vegetarian
Japanese Cuisine, $$$, 4.5, Non-Vegetarian
Indian Cuisine, $$, 4.1, Vegetarian
French Cuisine, $$, 4.3, Non-Vegetarian
Chinese Cuisine, $$, 4.1, Non-Vegetarian
Italian Cuisine, $$, 4.3, Vegetarian
Mexican Cuisine, $$$, 4.5, Vegetarian
Mexican Cuisine, $$$, 4.5, Vegetarian
French Cuisine, $$, 4.3, Non-Vegetarian
French Cuisine, $$$, 4.5, Vegetarian
Thai Cuisine, $$$, 4.4, Vegetarian
Mediterranean Cuisine, $$, 4.2, Vegetarian
Chinese Cuisine, $$$, 4.5, Vegetarian
Mexican Cuisine, $$, 4.2, Non-Vegetarian
Indian Cuisine, $$$, 4.4, Non-Vegetarian
Chinese Cuisine, $$$, 4.4, Vegetarian
Mediterranean Cuisine, $$, 4.1, Non-Vegetarian
French Cuisine, $$, 4.3, Non-Vegetarian
Indian Cuisine, $$$, 4.4, Non-Vegetarian
Chinese Cuisine, $$$, 4.5, Vegetarian
Chinese Cuisine, $$$, 4.5, Vegetarian
Japanese Cuisine, $$, 4.3, Vegetarian
American Cuisine, $$$, 4.6, Non-Vegetarian
Thai Cuisine, $$$, 4.5, Vegetarian
Mexican Cuisine, $$, 4.2, Non-Vegetarian
French Cuisine, $$, 4.3, Non-Vegetarian
Indian Cuisine, $$$, 4.4, Non-Vegetarian
Mediterranean Cuisine, $$, 4.1, Non-Vegetarian
Chinese Cuisine, $$, 4.1, Non-Vegetarian
Japanese Cuisine, $$, 4.3, Vegetarian
Mediterranean Cuisine, $$, 4.1, Non-Vegetarian
Italian Cuisine, $$, 4.2, Vegetarian
Thai Cuisine, $$, 4.0, Non-Vegetarian
Thai Cuisine, $$, 4.0, Non-Vegetarian
Chinese Cuisine, $$$, 4.5, Vegetarian
Thai Cuisine, $$$, 4.4, Vegetarian
Thai Cuisine, $$$, 4.4, Vegetarian
Thai Cuisine, $$$, 4.4, Vegetarian
Thai Cuisine, $$$, 4.4, Vegetarian
French Cuisine, $$$, 4.6, Vegetarian
Mediterranean Cuisine, $$, 4.1, Non-Vegetarian
Japanese Cuisine, $$, 4.3, Vegetarian
Chinese Cuisine, $$$, 4.4, Vegetarian
Japanese Cuisine, $$$, 4.6, Non-Vegetarian
Mexican Cuisine, $$, 4.2, Non-Vegetarian
Mediterranean Cuisine, $$, 4.2, Vegetarian
Mediterranean Cuisine, $$, 4.1, Non-Vegetarian
Mexican Cuisine, $$, 4.2, Non-Vegetarian
Japanese Cuisine, $$$, 4.6, Non-Vegetarian
Japanese Cuisine, $$$, 4.5, Non-Vegetarian
American Cuisine, $$$, 4.7, Non-Vegetarian
Mediterranean Cuisine, $$, 4.1, Non-Vegetarian
French Cuisine, $$$, 4.5, Vegetarian
Chinese Cuisine, $$, 4.1, Non-Vegetarian
American Cuisine, $$$, 4.6, Non-Vegetarian
Indian Cuisine, $$, 4.1, Vegetarian
American Cuisine, $$$, 4.7, Vegetarian
American Cuisine, $$$, 4.7, Vegetarian
Indian Cuisine, $$, 4.2, Vegetarian
Thai Cuisine, $$$, 4.4, Vegetarian
Italian Cuisine, $$, 4.2, Vegetarian
Mediterranean Cuisine, $$, 4.2, Vegetarian
French Cuisine, $$$, 4.5, Vegetarian
American Cuisine, $$$, 4.6, Non-Vegetarian
Thai Cuisine, $$$, 4.4, Vegetarian
Thai Cuisine, $$, 4.0, Non-Vegetarian
Mexican Cuisine, $$, 4.2, Non-Vegetarian
Mexican Cuisine, $$, 4.2, Non-Vegetarian
Japanese Cuisine, $$, 4.3, Vegetarian
Thai Cuisine, $$$, 4.4, Vegetarian
French Cuisine, $$, 4.3, Non-Vegetarian
Chinese Cuisine, $$$, 4.5, Vegetarian
Japanese Cuisine, $$$, 4.5, Non-Vegetarian
Italian Cuisine, $$$, 4.4, Non-Vegetarian
Mediterranean Cuisine, $$, 4.1, Non-Vegetarian
Indian Cuisine, $$$, 4.5, Non-Vegetarian
French Cuisine, $$$, 4.6, Vegetarian
Italian Cuisine, $$, 4.2, Vegetarian
American Cuisine, $$$, 4.7, Vegetarian
Italian Cuisine, $$, 4.3, Vegetarian
Mediterranean Cuisine, $$, 4.1, Non-Vegetarian
Mediterranean Cuisine, $$, 4.2, Vegetarian
Japanese Cuisine, $$, 4.3, Vegetarian
Indian Cuisine, $$, 4.1, Vegetarian
Italian Cuisine, $$$, 4.4, Non-Vegetarian
American Cuisine, $$$, 4.7, Non-Vegetarian
Thai Cuisine, $$, 4.0, Non-Vegetarian
Thai Cuisine, $$$, 4.5, Vegetarian
American Cuisine, $$$, 4.6, Non-Vegetarian
French Cuisine, $$, 4.3, Non-Vegetarian
American Cuisine, $$$, 4.6, Non-Vegetarian
Chinese Cuisine, $$, 4.1, Non-Vegetarian
Indian Cuisine, $$$, 4.4, Non-Vegetarian
American Cuisine, $$$, 4.6, Non-Vegetarian
Italian Cuisine, $$, 4.2, Vegetarian
Italian Cuisine, $$$, 4.4, Non-Vegetarian
French Cuisine, $$$, 4.5, Vegetarian
Japanese Cuisine, $$$, 4.6, Non-Vegetarian
Thai Cuisine, $$$, 4.4, Vegetarian
Japanese Cuisine, $$, 4.3, Vegetarian
Thai Cuisine, $$$, 4.5, Vegetarian
Chinese Cuisine, $$$, 4.4, Vegetarian
Indian Cuisine, $$$, 4.4, Non-Vegetarian
Mediterranean Cuisine, $$, 4.2, Vegetarian
American Cuisine, $$$, 4.6, Non-Vegetarian
Chinese Cuisine, $$, 4.1, Non-Vegetarian
French Cuisine, $$$, 4.5, Vegetarian
Chinese Cuisine, $$$, 4.4, Vegetarian
Mediterranean Cuisine, $$, 4.1, Non-Vegetarian
American Cuisine, $$$, 4.7, Vegetarian
Thai Cuisine, $$$, 4.4, Vegetarian
Japanese Cuisine, $$, 4.3, Vegetarian
Mediterranean Cuisine, $$, 4.1, Non-Vegetarian
American Cuisine, $$$, 4.7, Vegetarian
Chinese Cuisine, $$$, 4.5, Vegetarian
Mediterranean Cuisine, $$, 4.1, Non-Vegetarian
American Cuisine, $$$, 4.6, Non-Vegetarian
Mediterranean Cuisine, $$, 4.1, Non-Vegetarian
Japanese Cuisine, $$, 4.3, Vegetarian
American Cuisine, $$$, 4.6, Non-Vegetarian
French Cuisine, $$$, 4.5, Vegetarian
Mexican Cuisine, $$, 4.2, Non-Vegetarian
Indian Cuisine, $$$, 4.4, Non-Vegetarian
Thai Cuisine, $$$, 4.4, Vegetarian
Indian Cuisine, $$, 4.1, Vegetarian
Japanese Cuisine, $$, 4.3, Vegetarian
Thai Cuisine, $$$, 4.5, Vegetarian
French Cuisine, $$$, 4.5, Vegetarian
American Cuisine, $$$, 4.6, Vegetarian
Italian Cuisine, $$$, 4.4, Non-Vegetarian
Japanese Cuisine, $$$, 4.6, Non-Vegetarian
Indian Cuisine, $$, 4.1, Vegetarian
Chinese Cuisine, $$$, 4.5, Vegetarian
Thai Cuisine, $$$, 4.4, Vegetarian
American Cuisine, $$$, 4.6, Vegetarian
Japanese Cuisine, $$, 4.3, Vegetarian
French Cuisine, $$, 4.3, Non-Vegetarian
French Cuisine, $$, 4.3, Non-Vegetarian
American Cuisine, $$$, 4.6, Non-Vegetarian
Italian Cuisine, $$$, 4.4, Non-Vegetarian
Thai Cuisine, $$, 4.0, Non-Vegetarian
Chinese Cuisine, $$, 4.1, Non-Vegetarian
Chinese Cuisine, $$$, 4.5, Vegetarian
Chinese Cuisine, $$$, 4.5, Vegetarian
Japanese Cuisine, $$, 4.3, Vegetarian
American Cuisine, $$$, 4.7, Vegetarian
Japanese Cuisine, $$, 4.3, Vegetarian
American Cuisine, $$$, 4.7, Vegetarian
Mexican Cuisine, $$$, 4.5, Vegetarian
Mediterranean Cuisine, $$, 4.1, Non-Vegetarian
French Cuisine, $$$, 4.5, Vegetarian
Italian Cuisine, $$, 4.2, Vegetarian
Mexican Cuisine, $$, 4.2, Non-Vegetarian
Indian Cuisine, $$, 4.1, Vegetarian
Mediterranean Cuisine, $$, 4.2, Vegetarian
Indian Cuisine, $$, 4.1, Vegetarian
French Cuisine, $$, 4.3, Non-Vegetarian
French Cuisine, $$, 4.3, Non-Vegetarian
American Cuisine, $$$, 4.6, Non-Vegetarian
Italian Cuisine, $$, 4.2, Vegetarian
Mediterranean Cuisine, $$, 4.1, Non-Vegetarian
Thai Cuisine, $$$, 4.4, Vegetarian
Italian Cuisine, $$, 4.2, Vegetarian
Mediterranean Cuisine, $$, 4.2, Vegetarian
Japanese Cuisine, $$$, 4.6, Non-Vegetarian
Japanese Cuisine, $$$, 4.5, Non-Vegetarian
Mexican Cuisine, $$$, 4.5, Vegetarian
Chinese Cuisine, $$, 4.2, Non-Vegetarian
Mediterranean Cuisine, $$, 4.2, Vegetarian
American Cuisine, $$$, 4.6, Vegetarian
Mediterranean Cuisine, $$, 4.2, Vegetarian
Italian Cuisine, $$, 4.2, Vegetarian
Japanese Cuisine, $$, 4.4, Vegetarian
Japanese Cuisine, $$, 4.4, Vegetarian
Mediterranean Cuisine, $$, 4.2, Vegetarian
Japanese Cuisine, $$$, 4.5, Non-Vegetarian
Indian Cuisine, $$, 4.1, Vegetarian
Italian Cuisine, $$, 4.2, Vegetarian
Italian Cuisine, $$$, 4.4, Non-Vegetarian
American Cuisine, $$$, 4.7, Vegetarian
French Cuisine, $$$, 4.5, Vegetarian
Japanese Cuisine, $$, 4.3, Vegetarian
Italian Cuisine, $$$, 4.4, Non-Vegetarian
French Cuisine, $$, 4.3, Non-Vegetarian
Mediterranean Cuisine, $$, 4.1, Non-Vegetarian
Thai Cuisine, $$$, 4.4, Vegetarian
American Cuisine, $$$, 4.6, Non-Vegetarian
Japanese Cuisine, $$$, 4.5, Non-Vegetarian
Indian Cuisine, $$, 4.1, Vegetarian
Chinese Cuisine, $$, 4.1, Non-Vegetarian
Japanese Cuisine, $$, 4.4, Vegetarian
Chinese Cuisine, $$$, 4.5, Vegetarian
Chinese Cuisine, $$, 4.1, Non-Vegetarian
Indian Cuisine, $$, 4.1, Vegetarian
French Cuisine, $$$, 4.5, Vegetarian
Italian Cuisine, $$$, 4.4, Non-Vegetarian
Chinese Cuisine, $$$, 4.5, Vegetarian
Thai Cuisine, $$$, 4.4, Vegetarian
Mediterranean Cuisine, $$, 4.1, Non-Vegetarian
Indian Cuisine, $$$, 4.5, Non-Vegetarian
Chinese Cuisine, $$$, 4.5, Vegetarian
French Cuisine, $$, 4.3, Non-Vegetarian
Italian Cuisine, $$, 4.2, Vegetarian
Mexican Cuisine, $$$, 4.5, Vegetarian
Chinese Cuisine, $$, 4.1, Non-Vegetarian
Japanese Cuisine, $$, 4.4, Vegetarian
Thai Cuisine, $$$, 4.4, Vegetarian
Indian Cuisine, $$$, 4.4, Non-Vegetarian
Italian Cuisine, $$, 4.2, Vegetarian
Italian Cuisine, $$$, 4.4, Non-Vegetarian
American Cuisine, $$$, 4.7, Non-Vegetarian
Mediterranean Cuisine, $$, 4.2, Vegetarian
Mexican Cuisine, $$, 4.2, Non-Vegetarian
Mediterranean Cuisine, $$, 4.2, Vegetarian
Mediterranean Cuisine, $$, 4.1, Non-Vegetarian
Chinese Cuisine, $$, 4.1, Non-Vegetarian
Chinese Cuisine, $$$, 4.4, Vegetarian
Thai Cuisine, $$, 4.0, Non-Vegetarian
Italian Cuisine, $$$, 4.4, Non-Vegetarian
American Cuisine, $$$, 4.7, Vegetarian
Indian Cuisine, $$$, 4.4, Non-Vegetarian
Mexican Cuisine, $$, 4.3, Non-Vegetarian
French Cuisine, $$$, 4.5, Vegetarian
French Cuisine, $$$, 4.6, Vegetarian
Mexican Cuisine, $$$, 4.5, Vegetarian
Japanese Cuisine, $$, 4.3, Vegetarian
Chinese Cuisine, $$, 4.1, Non-Vegetarian
Japanese Cuisine, $$, 4.3, Vegetarian
Italian Cuisine, $$, 4.1, Non-Vegetarian
Italian Cuisine, $$, 4.3, Vegetarian
American Cuisine, $$$, 4.6, Non-Vegetarian
American Cuisine, $$$, 4.7, Vegetarian
Indian Cuisine, $$$, 4.4, Non-Vegetarian
Mexican Cuisine, $$, 4.2, Non-Vegetarian
French Cuisine, $$, 4.3, Non-Vegetarian
Indian Cuisine, $$$, 4.4, Non-Vegetarian
Mediterranean Cuisine, $$, 4.1, Non-Vegetarian
Thai Cuisine, $$$, 4.5, Vegetarian
Indian Cuisine, $$, 4.2, Vegetarian
Indian Cuisine, $$$, 4.4, Non-Vegetarian
Japanese Cuisine, $$, 4.3, Vegetarian
French Cuisine, $$, 4.3, Non-Vegetarian
Japanese Cuisine, $$$, 4.5, Non-Vegetarian
Thai Cuisine, $$$, 4.4, Vegetarian
Thai Cuisine, $$$, 4.5, Vegetarian
Italian Cuisine, $$, 4.2, Vegetarian
Japanese Cuisine, $$, 4.3, Vegetarian
Japanese Cuisine, $$$, 4.5, Non-Vegetarian
Mediterranean Cuisine, $$, 4.1, Non-Vegetarian
Mediterranean Cuisine, $$, 4.2, Vegetarian
Mexican Cuisine, $$, 4.2, Non-Vegetarian
Chinese Cuisine, $$$, 4.4, Vegetarian
Japanese Cuisine, $$, 4.3, Vegetarian
Mexican Cuisine, $$$, 4.5, Vegetarian
Indian Cuisine, $$$, 4.5, Non-Vegetarian
Japanese Cuisine, $$$, 4.6, Non-Vegetarian
Indian Cuisine, $$, 4.1, Vegetarian
Thai Cuisine, $$, 4.0, Non-Vegetarian
Japanese Cuisine, $$$, 4.6, Non-Vegetarian
Mediterranean Cuisine, $$, 4.2, Vegetarian
Mexican Cuisine, $$, 4.2, Non-Vegetarian
Mediterranean Cuisine, $$, 4.2, Vegetarian
Italian Cuisine, $$$, 4.4, Non-Vegetarian
Italian Cuisine, $$, 4.2, Vegetarian
Indian Cuisine, $$$, 4.4, Non-Vegetarian
French Cuisine, $$$, 4.5, Vegetarian
Indian Cuisine, $$$, 4.4, Non-Vegetarian
Japanese Cuisine, $$$, 4.5, Non-Vegetarian
Italian Cuisine, $$, 4.3, Vegetarian
Mediterranean Cuisine, $$, 4.1, Non-Vegetarian
Thai Cuisine, $$, 4.0, Non-Vegetarian
Italian Cuisine, $$$, 4.4, Non-Vegetarian
French Cuisine, $$, 4.3, Non-Vegetarian
Japanese Cuisine, $$, 4.3, Vegetarian
Chinese Cuisine, $$, 4.1, Non-Vegetarian
American Cuisine, $$$, 4.6, Non-Vegetarian
Indian Cuisine, $$, 4.2, Vegetarian
Mediterranean Cuisine, $$, 4.1, Non-Vegetarian
Mediterranean Cuisine, $$, 4.1, Non-Vegetarian
American Cuisine, $$$, 4.7, Non-Vegetarian
Mexican Cuisine, $$, 4.3, Non-Vegetarian
Chinese Cuisine, $$, 4.1, Non-Vegetarian
French Cuisine, $$$, 4.5, Vegetarian
Mediterranean Cuisine, $$, 4.1, Non-Vegetarian
American Cuisine, $$$, 4.7, Vegetarian
French Cuisine, $$$, 4.5, Vegetarian
Indian Cuisine, $$$, 4.5, Non-Vegetarian
Italian Cuisine, $$, 4.2, Vegetarian
Chinese Cuisine, $$, 4.1, Non-Vegetarian
Italian Cuisine, $$, 4.1, Non-Vegetarian
Chinese Cuisine, $$$, 4.5, Vegetarian
American Cuisine, $$$, 4.6, Vegetarian
Mexican Cuisine, $$$, 4.5, Vegetarian
French Cuisine, $$$, 4.6, Vegetarian
French Cuisine, $$, 4.3, Non-Vegetarian
Japanese Cuisine, $$$, 4.6, Non-Vegetarian
Mexican Cuisine, $$, 4.2, Non-Vegetarian
Japanese Cuisine, $$$, 4.6, Non-Vegetarian
Chinese Cuisine, $$, 4.1, Non-Vegetarian
American Cuisine, $$$, 4.6, Non-Vegetarian
Indian Cuisine, $$$, 4.4, Non-Vegetarian
Indian Cuisine, $$, 4.1, Vegetarian
Italian Cuisine, $$$, 4.4, Non-Vegetarian
Indian Cuisine, $$, 4.2, Vegetarian
Indian Cuisine, $$, 4.1, Vegetarian
Indian Cuisine, $$, 4.2, Vegetarian
Thai Cuisine, $$$, 4.4, Vegetarian
Mediterranean Cuisine, $$, 4.1, Non-Vegetarian
Mediterranean Cuisine, $$, 4.1, Non-Vegetarian
Chinese Cuisine, $$, 4.1, Non-Vegetarian
Japanese Cuisine, $$, 4.3, Vegetarian
American Cuisine, $$$, 4.7, Vegetarian
Chinese Cuisine, $$, 4.1, Non-Vegetarian
Italian Cuisine, $$, 4.2, Vegetarian
Thai Cuisine, $$, 4.0, Non-Vegetarian
Japanese Cuisine, $$, 4.4, Vegetarian
Chinese Cuisine, $$$, 4.5, Vegetarian
Chinese Cuisine, $$, 4.1, Non-Vegetarian
Japanese Cuisine, $$, 4.4, Vegetarian
Mexican Cuisine, $$$, 4.5, Vegetarian
Italian Cuisine, $$, 4.2, Vegetarian
Italian Cuisine, $$$, 4.4, Non-Vegetarian
Japanese Cuisine, $$$, 4.5, Non-Vegetarian
Mediterranean Cuisine, $$, 4.1, Non-Vegetarian
Chinese Cuisine, $$$, 4.5, Vegetarian
American Cuisine, $$$, 4.6, Non-Vegetarian
French Cuisine, $$$, 4.5, Vegetarian
Chinese Cuisine, $$, 4.1, Non-Vegetarian
Thai Cuisine, $$$, 4.4, Vegetarian
Mediterranean Cuisine, $$, 4.1, Non-Vegetarian
Indian Cuisine, $$$, 4.4, Non-Vegetarian
Indian Cuisine, $$$, 4.4, Non-Vegetarian
Indian Cuisine, $$, 4.1, Vegetarian
Thai Cuisine, $$$, 4.4, Vegetarian
Japanese Cuisine, $$, 4.3, Vegetarian
Mediterranean Cuisine, $$, 4.1, Non-Vegetarian
Mexican Cuisine, $$, 4.2, Non-Vegetarian
Italian Cuisine, $$, 4.2, Vegetarian
Mexican Cuisine, $$, 4.3, Non-Vegetarian
Thai Cuisine, $$, 4.0, Non-Vegetarian
Mexican Cuisine, $$, 4.2, Non-Vegetarian
Chinese Cuisine, $$$, 4.5, Vegetarian
Indian Cuisine, $$$, 4.4, Non-Vegetarian
Mediterranean Cuisine, $$, 4.2, Vegetarian
Mexican Cuisine, $$$, 4.5, Vegetarian
Thai Cuisine, $$$, 4.4, Vegetarian
Chinese Cuisine, $$$, 4.5, Vegetarian
American Cuisine, $$$, 4.7, Vegetarian
Mexican Cuisine, $$, 4.2, Non-Vegetarian
Mediterranean Cuisine, $$, 4.1, Non-Vegetarian
Thai Cuisine, $$, 4.0, Non-Vegetarian
Mediterranean Cuisine, $$, 4.1, Non-Vegetarian
Mexican Cuisine, $$, 4.2, Non-Vegetarian
Chinese Cuisine, $$$, 4.5, Vegetarian
Mediterranean Cuisine, $$, 4.2, Vegetarian
Chinese Cuisine, $$, 4.1, Non-Vegetarian
American Cuisine, $$$, 4.6, Non-Vegetarian
French Cuisine, $$, 4.3, Non-Vegetarian
Japanese Cuisine, $$, 4.4, Vegetarian
Mexican Cuisine, $$$, 4.5, Vegetarian
Italian Cuisine, $$$, 4.4, Non-Vegetarian
Japanese Cuisine, $$, 4.3, Vegetarian
Mediterranean Cuisine, $$, 4.2, Vegetarian
Mediterranean Cuisine, $$, 4.2, Vegetarian
Japanese Cuisine, $$, 4.3, Vegetarian
Japanese Cuisine, $$, 4.3, Vegetarian
Indian Cuisine, $$$, 4.4, Non-Vegetarian
French Cuisine, $$$, 4.5, Vegetarian
American Cuisine, $$$, 4.7, Vegetarian
Japanese Cuisine, $$, 4.3, Vegetarian
Chinese Cuisine, $$, 4.1, Non-Vegetarian
French Cuisine, $$$, 4.5, Vegetarian
Indian Cuisine, $$, 4.1, Vegetarian
Thai Cuisine, $$$, 4.4, Vegetarian
Mexican Cuisine, $$, 4.2, Non-Vegetarian
Chinese Cuisine, $$, 4.1, Non-Vegetarian
Mexican Cuisine, $$, 4.3, Non-Vegetarian
Mediterranean Cuisine, $$, 4.2, Vegetarian
American Cuisine, $$$, 4.6, Non-Vegetarian
Mexican Cuisine, $$, 4.2, Non-Vegetarian
American Cuisine, $$$, 4.7, Non-Vegetarian
Mediterranean Cuisine, $$, 4.1, Non-Vegetarian
Thai Cuisine, $$, 4.0, Non-Vegetarian
Italian Cuisine, $$, 4.2, Vegetarian
Chinese Cuisine, $$, 4.1, Non-Vegetarian
Japanese Cuisine, $$, 4.3, Vegetarian
Japanese Cuisine, $$, 4.3, Vegetarian
American Cuisine, $$$, 4.7, Non-Vegetarian
Mediterranean Cuisine, $$, 4.1, Non-Vegetarian
American Cuisine, $$$, 4.7, Vegetarian
Italian Cuisine, $$, 4.2, Vegetarian
French Cuisine, $$$, 4.5, Vegetarian
Mediterranean Cuisine, $$, 4.2, Vegetarian
Chinese Cuisine, $$, 4.1, Non-Vegetarian
Italian Cuisine, $$, 4.3, Vegetarian
Mexican Cuisine, $$, 4.2, Non-Vegetarian
Mexican Cuisine, $$$, 4.5, Vegetarian
Chinese Cuisine, $$, 4.1, Non-Vegetarian
French Cuisine, $$, 4.3, Non-Vegetarian
Mexican Cuisine, $$$, 4.5, Vegetarian
Thai Cuisine, $$, 4.0, Non-Vegetarian
French Cuisine, $$$, 4.5, Vegetarian
Indian Cuisine, $$, 4.1, Vegetarian
Indian Cuisine, $$$, 4.4, Non-Vegetarian
Italian Cuisine, $$, 4.3, Vegetarian
American Cuisine, $$$, 4.6, Non-Vegetarian
Chinese Cuisine, $$, 4.2, Non-Vegetarian
Mexican Cuisine, $$, 4.2, Non-Vegetarian
Japanese Cuisine, $$, 4.3, Vegetarian
French Cuisine, $$, 4.3, Non-Vegetarian
Chinese Cuisine, $$, 4.1, Non-Vegetarian
Indian Cuisine, $$$, 4.4, Non-Vegetarian
Italian Cuisine, $$$, 4.4, Non-Vegetarian
Thai Cuisine, $$$, 4.5, Vegetarian
Japanese Cuisine, $$$, 4.5, Non-Vegetarian
French Cuisine, $$$, 4.6, Vegetarian
Mexican Cuisine, $$$, 4.5, Vegetarian
Thai Cuisine, $$$, 4.4, Vegetarian
Mexican Cuisine, $$$, 4.5, Vegetarian
American Cuisine, $$$, 4.7, Vegetarian
Mediterranean Cuisine, $$, 4.1, Non-Vegetarian
Thai Cuisine, $$, 4.0, Non-Vegetarian
Chinese Cuisine, $$$, 4.5, Vegetarian
Japanese Cuisine, $$$, 4.5, Non-Vegetarian
Chinese Cuisine, $$$, 4.5, Vegetarian
American Cuisine, $$$, 4.7, Vegetarian
Mediterranean Cuisine, $$, 4.2, Vegetarian
Japanese Cuisine, $$, 4.3, Vegetarian
American Cuisine, $$$, 4.7, Non-Vegetarian
Chinese Cuisine, $$$, 4.4, Vegetarian
Mexican Cuisine, $$, 4.2, Non-Vegetarian
American Cuisine, $$$, 4.6, Non-Vegetarian
Mediterranean Cuisine, $$, 4.2, Vegetarian
Thai Cuisine, $$$, 4.4, Vegetarian
Chinese Cuisine, $$$, 4.5, Vegetarian
Italian Cuisine, $$, 4.1, Non-Vegetarian
Mediterranean Cuisine, $$, 4.1, Non-Vegetarian
Indian Cuisine, $$, 4.2, Vegetarian
Chinese Cuisine, $$, 4.1, Non-Vegetarian
Mediterranean Cuisine, $$, 4.2, Vegetarian
Indian Cuisine, $$$, 4.4, Non-Vegetarian
Indian Cuisine, $$$, 4.4, Non-Vegetarian
Chinese Cuisine, $$, 4.1, Non-Vegetarian
Mexican Cuisine, $$, 4.2, Non-Vegetarian
Mexican Cuisine, $$, 4.2, Non-Vegetarian
Mexican Cuisine, $$$, 4.5, Vegetarian
French Cuisine, $$, 4.3, Non-Vegetarian
Mexican Cuisine, $$, 4.2, Non-Vegetarian
Mexican Cuisine, $$, 4.3, Non-Vegetarian
Thai Cuisine, $$, 4.0, Non-Vegetarian
Mediterranean Cuisine, $$, 4.1, Non-Vegetarian
French Cuisine, $$, 4.3, Non-Vegetarian
Indian Cuisine, $$$, 4.4, Non-Vegetarian
Japanese Cuisine, $$$, 4.6, Non-Vegetarian
Mediterranean Cuisine, $$, 4.1, Non-Vegetarian
American Cuisine, $$$, 4.6, Non-Vegetarian
Thai Cuisine, $$$, 4.4, Vegetarian
Chinese Cuisine, $$, 4.1, Non-Vegetarian
Indian Cuisine, $$$, 4.4, Non-Vegetarian
Mexican Cuisine, $$$, 4.5, Vegetarian
French Cuisine, $$, 4.3, Non-Vegetarian
Indian Cuisine, $$$, 4.4, Non-Vegetarian
Mediterranean Cuisine, $$, 4.1, Non-Vegetarian
Mexican Cuisine, $$$, 4.5, Vegetarian
Mediterranean Cuisine, $$, 4.1, Non-Vegetarian
Chinese Cuisine, $$$, 4.4, Vegetarian
Chinese Cuisine, $$$, 4.5, Vegetarian
Chinese Cuisine, $$, 4.2, Non-Vegetarian
Indian Cuisine, $$, 4.1, Vegetarian
Mediterranean Cuisine, $$, 4.1, Non-Vegetarian
French Cuisine, $$, 4.3, Non-Vegetarian
American Cuisine, $$$, 4.7, Vegetarian
Japanese Cuisine, $$, 4.3, Vegetarian
French Cuisine, $$, 4.3, Non-Vegetarian
American Cuisine, $$$, 4.6, Non-Vegetarian
Indian Cuisine, $$, 4.1, Vegetarian
Indian Cuisine, $$$, 4.4, Non-Vegetarian
American Cuisine, $$$, 4.7, Non-Vegetarian
Thai Cuisine, $$, 4.0, Non-Vegetarian
Chinese Cuisine, $$$, 4.5, Vegetarian
Indian Cuisine, $$, 4.1, Vegetarian
Chinese Cuisine, $$$, 4.5, Vegetarian
Italian Cuisine, $$, 4.1, Non-Vegetarian
Italian Cuisine, $$, 4.2, Vegetarian
French Cuisine, $$, 4.3, Non-Vegetarian
Thai Cuisine, $$$, 4.4, Vegetarian
Mediterranean Cuisine, $$, 4.2, Vegetarian
Mediterranean Cuisine, $$, 4.2, Vegetarian
Mexican Cuisine, $$, 4.2, Non-Vegetarian
Mexican Cuisine, $$, 4.2, Non-Vegetarian
American Cuisine, $$$, 4.6, Non-Vegetarian
Mexican Cuisine, $$, 4.3, Non-Vegetarian
Japanese Cuisine, $$, 4.3, Vegetarian
American Cuisine, $$$, 4.6, Non-Vegetarian
Indian Cuisine, $$, 4.1, Vegetarian
American Cuisine, $$$, 4.6, Non-Vegetarian
Mexican Cuisine, $$, 4.3, Non-Vegetarian
Mediterranean Cuisine, $$, 4.2, Vegetarian
French Cuisine, $$$, 4.5, Vegetarian
American Cuisine, $$$, 4.7, Vegetarian
Japanese Cuisine, $$, 4.4, Vegetarian
Thai Cuisine, $$$, 4.4, Vegetarian
Mexican Cuisine, $$$, 4.5, Vegetarian
Chinese Cuisine, $$$, 4.5, Vegetarian
Italian Cuisine, $$, 4.1, Non-Vegetarian
French Cuisine, $$$, 4.5, Vegetarian
Italian Cuisine, $$$, 4.4, Non-Vegetarian
Chinese Cuisine, $$, 4.1, Non-Vegetarian
Mexican Cuisine, $$$, 4.5, Vegetarian
Chinese Cuisine, $$, 4.2, Non-Vegetarian
Mediterranean Cuisine, $$, 4.1, Non-Vegetarian
Mexican Cuisine, $$$, 4.5, Vegetarian
French Cuisine, $$, 4.3, Non-Vegetarian
American Cuisine, $$$, 4.6, Vegetarian
Japanese Cuisine, $$, 4.3, Vegetarian
Chinese Cuisine, $$, 4.1, Non-Vegetarian
Japanese Cuisine, $$$, 4.6, Non-Vegetarian
French Cuisine, $$$, 4.5, Vegetarian
Thai Cuisine, $$$, 4.5, Vegetarian
Italian Cuisine, $$$, 4.4, Non-Vegetarian
Thai Cuisine, $$$, 4.4, Vegetarian
Chinese Cuisine, $$$, 4.5, Vegetarian
Thai Cuisine, $$$, 4.5, Vegetarian
French Cuisine, $$$, 4.5, Vegetarian
Italian Cuisine, $$$, 4.4, Non-Vegetarian
Mexican Cuisine, $$$, 4.5, Vegetarian
Thai Cuisine, $$$, 4.4, Vegetarian
American Cuisine, $$$, 4.7, Vegetarian
Thai Cuisine, $$, 4.0, Non-Vegetarian
Thai Cuisine, $$$, 4.4, Vegetarian
French Cuisine, $$$, 4.5, Vegetarian
Thai Cuisine, $$$, 4.4, Vegetarian
Indian Cuisine, $$, 4.2, Vegetarian
Mediterranean Cuisine, $$, 4.2, Vegetarian
Indian Cuisine, $$$, 4.4, Non-Vegetarian
Mediterranean Cuisine, $$, 4.1, Non-Vegetarian
French Cuisine, $$, 4.3, Non-Vegetarian
American Cuisine, $$$, 4.6, Non-Vegetarian
Chinese Cuisine, $$$, 4.5, Vegetarian
American Cuisine, $$$, 4.7, Vegetarian
Japanese Cuisine, $$, 4.3, Vegetarian
Japanese Cuisine, $$, 4.3, Vegetarian
Thai Cuisine, $$, 4.0, Non-Vegetarian
Mediterranean Cuisine, $$, 4.2, Vegetarian
Mexican Cuisine, $$, 4.2, Non-Vegetarian
Mexican Cuisine, $$, 4.2, Non-Vegetarian
Chinese Cuisine, $$$, 4.5, Vegetarian
Indian Cuisine, $$, 4.1, Vegetarian
Chinese Cuisine, $$$, 4.5, Vegetarian
Japanese Cuisine, $$$, 4.6, Non-Vegetarian
Chinese Cuisine, $$, 4.1, Non-Vegetarian
Indian Cuisine, $$$, 4.4, Non-Vegetarian
Italian Cuisine, $$$, 4.4, Non-Vegetarian
French Cuisine, $$, 4.3, Non-Vegetarian
Japanese Cuisine, $$$, 4.6, Non-Vegetarian
French Cuisine, $$$, 4.6, Vegetarian
Chinese Cuisine, $$, 4.1, Non-Vegetarian
Chinese Cuisine, $$$, 4.5, Vegetarian
Mediterranean Cuisine, $$, 4.1, Non-Vegetarian
Thai Cuisine, $$$, 4.4, Vegetarian
Thai Cuisine, $$, 4.0, Non-Vegetarian
Mexican Cuisine, $$$, 4.5, Vegetarian
American Cuisine, $$$, 4.6, Non-Vegetarian
Italian Cuisine, $$, 4.2, Vegetarian
Mediterranean Cuisine, $$, 4.1, Non-Vegetarian
Thai Cuisine, $$, 4.0, Non-Vegetarian
Thai Cuisine, $$, 4.0, Non-Vegetarian
Japanese Cuisine, $$, 4.3, Vegetarian
French Cuisine, $$$, 4.5, Vegetarian
Thai Cuisine, $$$, 4.4, Vegetarian
Chinese Cuisine, $$, 4.1, Non-Vegetarian
Mediterranean Cuisine, $$, 4.1, Non-Vegetarian
Thai Cuisine, $$$, 4.5, Vegetarian
Mediterranean Cuisine, $$, 4.1, Non-Vegetarian
American Cuisine, $$$, 4.7, Vegetarian
American Cuisine, $$$, 4.6, Non-Vegetarian
Chinese Cuisine, $$, 4.1, Non-Vegetarian
American Cuisine, $$$, 4.6, Non-Vegetarian
American Cuisine, $$$, 4.6, Non-Vegetarian
French Cuisine, $$, 4.3, Non-Vegetarian
American Cuisine, $$$, 4.6, Non-Vegetarian
Mediterranean Cuisine, $$, 4.2, Vegetarian
Thai Cuisine, $$$, 4.4, Vegetarian
Mediterranean Cuisine, $$, 4.2, Vegetarian
Thai Cuisine, $$, 4.0, Non-Vegetarian
Indian Cuisine, $$$, 4.4, Non-Vegetarian
Chinese Cuisine, $$, 4.1, Non-Vegetarian
Thai Cuisine, $$$, 4.4, Vegetarian
French Cuisine, $$$, 4.5, Vegetarian
French Cuisine, $$$, 4.5, Vegetarian
Italian Cuisine, $$$, 4.4, Non-Vegetarian
Chinese Cuisine, $$, 4.2, Non-Vegetarian
Mediterranean Cuisine, $$, 4.2, Vegetarian
Japanese Cuisine, $$$, 4.6, Non-Vegetarian
Thai Cuisine, $$, 4.0, Non-Vegetarian
Thai Cuisine, $$$, 4.4, Vegetarian
Indian Cuisine, $$$, 4.4, Non-Vegetarian
Mexican Cuisine, $$, 4.2, Non-Vegetarian
Italian Cuisine, $$, 4.2, Vegetarian
Mexican Cuisine, $$, 4.2, Non-Vegetarian
American Cuisine, $$$, 4.6, Non-Vegetarian
Japanese Cuisine, $$$, 4.5, Non-Vegetarian
Chinese Cuisine, $$$, 4.5, Vegetarian
Mediterranean Cuisine, $$, 4.1, Non-Vegetarian
Mediterranean Cuisine, $$, 4.2, Vegetarian
Thai Cuisine, $$, 4.0, Non-Vegetarian
Chinese Cuisine, $$$, 4.5, Vegetarian
Mexican Cuisine, $$, 4.2, Non-Vegetarian
American Cuisine, $$$, 4.6, Non-Vegetarian
Mediterranean Cuisine, $$, 4.1, Non-Vegetarian
Italian Cuisine, $$, 4.2, Vegetarian
French Cuisine, $$$, 4.5, Vegetarian
Italian Cuisine, $$$, 4.4, Non-Vegetarian
Mediterranean Cuisine, $$, 4.1, Non-Vegetarian
Thai Cuisine, $$$, 4.4, Vegetarian
Japanese Cuisine, $$, 4.4, Vegetarian
Mediterranean Cuisine, $$, 4.2, Vegetarian
American Cuisine, $$$, 4.7, Non-Vegetarian
American Cuisine, $$$, 4.6, Non-Vegetarian
French Cuisine, $$, 4.3, Non-Vegetarian
American Cuisine, $$$, 4.6, Non-Vegetarian
Indian Cuisine, $$, 4.2, Vegetarian
Indian Cuisine, $$, 4.1, Vegetarian
Italian Cuisine, $$, 4.1, Non-Vegetarian
Mediterranean Cuisine, $$, 4.2, Vegetarian
American Cuisine, $$$, 4.7, Vegetarian
Thai Cuisine, $$$, 4.4, Vegetarian
Mediterranean Cuisine, $$, 4.1, Non-Vegetarian
French Cuisine, $$$, 4.5, Vegetarian
Indian Cuisine, $$$, 4.4, Non-Vegetarian
Mediterranean Cuisine, $$, 4.1, Non-Vegetarian
Japanese Cuisine, $$, 4.4, Vegetarian
Mediterranean Cuisine, $$, 4.2, Vegetarian
Italian Cuisine, $$$, 4.4, Non-Vegetarian
Japanese Cuisine, $$, 4.3, Vegetarian
Japanese Cuisine, $$, 4.3, Vegetarian
Thai Cuisine, $$, 4.0, Non-Vegetarian
American Cuisine, $$$, 4.6, Non-Vegetarian
Japanese Cuisine, $$, 4.3, Vegetarian
Italian Cuisine, $$, 4.2, Vegetarian
Chinese Cuisine, $$$, 4.5, Vegetarian
Mediterranean Cuisine, $$, 4.2, Vegetarian
American Cuisine, $$$, 4.6, Non-Vegetarian
Indian Cuisine, $$$, 4.5, Non-Vegetarian
Chinese Cuisine, $$$, 4.5, Vegetarian
Japanese Cuisine, $$, 4.4, Vegetarian
Indian Cuisine, $$$, 4.4, Non-Vegetarian
Thai Cuisine, $$$, 4.4, Vegetarian
French Cuisine, $$, 4.3, Non-Vegetarian
American Cuisine, $$$, 4.7, Vegetarian
American Cuisine, $$$, 4.6, Vegetarian
Thai Cuisine, $$$, 4.4, Vegetarian
Italian Cuisine, $$$, 4.4, Non-Vegetarian
Thai Cuisine, $$$, 4.4, Vegetarian
Mexican Cuisine, $$, 4.3, Non-Vegetarian
American Cuisine, $$$, 4.7, Vegetarian
Chinese Cuisine, $$, 4.2, Non-Vegetarian
Italian Cuisine, $$, 4.3, Vegetarian
French Cuisine, $$, 4.3, Non-Vegetarian
French Cuisine, $$, 4.3, Non-Vegetarian
Chinese Cuisine, $$$, 4.5, Vegetarian
French Cuisine, $$$, 4.5, Vegetarian
Thai Cuisine, $$, 4.0, Non-Vegetarian
Japanese Cuisine, $$$, 4.6, Non-Vegetarian
Mediterranean Cuisine, $$, 4.1, Non-Vegetarian
Japanese Cuisine, $$, 4.3, Vegetarian
Mediterranean Cuisine, $$, 4.1, Non-Vegetarian
Italian Cuisine, $$, 4.1, Non-Vegetarian
Mediterranean Cuisine, $$, 4.1, Non-Vegetarian
Indian Cuisine, $$, 4.1, Vegetarian
Japanese Cuisine, $$, 4.3, Vegetarian
Japanese Cuisine, $$$, 4.6, Non-Vegetarian
Indian Cuisine, $$, 4.1, Vegetarian
Chinese Cuisine, $$, 4.1, Non-Vegetarian
Mexican Cuisine, $$, 4.2, Non-Vegetarian
Mediterranean Cuisine, $$, 4.1, Non-Vegetarian
Mexican Cuisine, $$, 4.3, Non-Vegetarian
Mediterranean Cuisine, $$, 4.2, Vegetarian
Italian Cuisine, $$$, 4.4, Non-Vegetarian
Chinese Cuisine, $$, 4.2, Non-Vegetarian
Mexican Cuisine, $$$, 4.5, Vegetarian
Mexican Cuisine, $$, 4.2, Non-Vegetarian
Japanese Cuisine, $$$, 4.6, Non-Vegetarian
Mediterranean Cuisine, $$, 4.2, Vegetarian
Italian Cuisine, $$, 4.2, Vegetarian
Italian Cuisine, $$$, 4.4, Non-Vegetarian
Thai Cuisine, $$, 4.0, Non-Vegetarian
Chinese Cuisine, $$, 4.1, Non-Vegetarian
Thai Cuisine, $$$, 4.4, Vegetarian
Mexican Cuisine, $$, 4.3, Non-Vegetarian
Japanese Cuisine, $$$, 4.5, Non-Vegetarian
Indian Cuisine, $$, 4.2, Vegetarian
Chinese Cuisine, $$$, 4.4, Vegetarian
American Cuisine, $$$, 4.7, Non-Vegetarian
American Cuisine, $$$, 4.7, Vegetarian
