city, state, country, continent
Copenhagen, Capital Region, Denmark, Europe
Barrie, Ontario, Canada, North Americ
Saguenay, Quebec, Canada, North Americ
Newcastle, Tyne and Wear, UK, Europ
Bremen, Bremen, Germany, Europ
Limoges, Nouvelle-Aquitaine, France, Europ
Kingston, Ontario, Canada, North Americ
Næstved, Zealand, Denmark, Europ
Kansas City, Missouri, USA, North Americ
Aalborg, North Denmark Region, Denmark, Europ
Odense, Southern Denmark, Denmark, Europ
Long Beach, California, USA, North Americ
Dundee, Scotland, UK, Europ
Belfast, Northern Ireland, UK, Europ
Karlstad, Värmland County, Sweden, Europ
Leeds, West Yorkshire, UK, Europ
Rimini, Emilia-Romagna, Italy, Europ
Derby, Derbyshire, UK, Europ
Guelph, Ontario, Canada, North Americ
New Orleans, Louisiana, USA, North Americ
Aberdeen, Scotland, UK, Europ
Poitiers, Nouvelle-Aquitaine, France, Europ
Norrköping, Östergötland County, Sweden, Europ
York, North Yorkshire, UK, Europ
Seattle, Washington, USA, North Americ
Wichita, Kansas, USA, North Americ
Canterbury, Kent, UK, Europ
Horsens, Central Denmark Region, Denmark, Europ
Haderslev, Southern Denmark, Denmark, Europ
Calgary, Alberta, Canada, North Americ
Oklahoma City, Oklahoma, USA, North Americ
Kamloops, British Columbia, Canada, North Americ
Angers, Pays de la Loire, France, Europ
Frankfurt, Hesse, Germany, Europ
Södertälje, Stockholm County, Sweden, Europ
Münster, North Rhine-Westphalia, Germany, Europ
Nantes, Pays de la Loire, France, Europ
Saskatoon, Saskatchewan, Canada, North Americ
Bochum, North Rhine-Westphalia, Germany, Europ
Taranto, Apulia, Italy, Europ
Saskatoon, Saskatchewan, Canada, North Americ
Norwich, Norfolk, UK, Europ
Uppsala, Uppsala County, Sweden, Europ
Mannheim, Baden-Württemberg, Germany, Europ
Fredericton, New Brunswick, Canada, North Americ
Taranto, Apulia, Italy, Europ
Brantford, Ontario, Canada, North Americ
Bologna, Emilia-Romagna, Italy, Europ
Kolding, Southern Denmark, Denmark, Europ
Sacramento, California, USA, North Americ
Omaha, Nebraska, USA, North Americ
Modena, Emilia-Romagna, Italy, Europ
Mönchengladbach, North Rhine-Westphalia, Germany, Europ
Norrköping, Östergötland County, Sweden, Europ
Viborg, Central Denmark Region, Denmark, Europ
Wiesbaden, Hesse, Germany, Europ
Bochum, North Rhine-Westphalia, Germany, Europ
Norrköping, Östergötland County, Sweden, Europ
Indianapolis, Indiana, USA, North Americ
Nîmes, Occitanie, France, Europ
Cardiff, Wales, UK, Europ
Manchester, Greater Manchester, UK, Europ
Linköping, Östergötland County, Sweden, Europ
Cagliari, Sardinia, Italy, Europ
Skövde, Västra Götaland County, Sweden, Europ
Modena, Emilia-Romagna, Italy, Europ
Brest, Brittany, France, Europ
Ravenna, Emilia-Romagna, Italy, Europ
La Rochelle, Nouvelle-Aquitaine, France, Europ
Chemnitz, Saxony, Germany, Europ
Östersund, Jämtland County, Sweden, Europ
Cagliari, Sardinia, Italy, Europ
Cologne, North Rhine-Westphalia, Germany, Europ
Peterborough, Ontario, Canada, North Americ
Düsseldorf, North Rhine-Westphalia, Germany, Europ
Frederikshavn, North Denmark Region, Denmark, Europ
Herlev, Capital Region, Denmark, Europ
Oklahoma City, Oklahoma, USA, North Americ
Coventry, West Midlands, UK, Europ
Frederikshavn, North Denmark Region, Denmark, Europ
Phoenix, Arizona, USA, North Americ
Munich, Bavaria, Germany, Europ
Manchester, Greater Manchester, UK, Europ
Munich, Bavaria, Germany, Europ
Norwich, Norfolk, UK, Europ
Randers, Central Denmark Region, Denmark, Europ
Copenhagen, Capital Region, Denmark, Europe
Phoenix, Arizona, USA, North Americ
Dortmund, North Rhine-Westphalia, Germany, Europ
Venice, Veneto, Italy, Europ
La Rochelle, Nouvelle-Aquitaine, France, Europ
Bari, Apulia, Italy, Europ
Helsingborg, Skåne County, Sweden, Europ
Stirling, Scotland, UK, Europ
Padua, Veneto, Italy, Europ
Clermont-Ferrand, Auvergne-Rhône-Alpes, France, Europ
Reggio Calabria, Calabria, Italy, Europ
Arlington, Texas, USA, North Americ
Karlstad, Värmland County, Sweden, Europ
Montreal, Quebec, Canada, North America
Dunkirk, Hauts-de-France, France, Europ
Tulsa, Oklahoma, USA, North Americ
Nanaimo, British Columbia, Canada, North Americ
Kitchener, Ontario, Canada, North Americ
Reims, Grand Est, France, Europ
Denver, Colorado, USA, North Americ
Lethbridge, Alberta, Canada, North Americ
Helsingborg, Skåne County, Sweden, Europ
Wichita, Kansas, USA, North Americ
Dortmund, North Rhine-Westphalia, Germany, Europ
Norwich, Norfolk, UK, Europ
Bonn, North Rhine-Westphalia, Germany, Europ
Villeurbanne, Auvergne-Rhône-Alpes, France, Europ
Birmingham, West Midlands, UK, Europ
Dundee, Scotland, UK, Europ
Seattle, Washington, USA, North Americ
Cannes, Provence-Alpes-Côte d'Azur, France, Europ
Reggio Calabria, Calabria, Italy, Europ
Horsens, Central Denmark Region, Denmark, Europ
Raleigh, North Carolina, USA, North Americ
Aarhus, Central Denmark Region, Denmark, Europ
Parma, Emilia-Romagna, Italy, Europ
Jacksonville, Florida, USA, North Americ
Karlstad, Värmland County, Sweden, Europ
Villeurbanne, Auvergne-Rhône-Alpes, France, Europ
Bari, Apulia, Italy, Europ
Phoenix, Arizona, USA, North Americ
Rouen, Normandy, France, Europ
Lille, Hauts-de-France, France, Europ
Padua, Veneto, Italy, Europ
Esbjerg, Southern Denmark, Denmark, Europ
Salerno, Campania, Italy, Europ
Lichfield, Staffordshire, UK, Europ
Naples, Campania, Italy, Europ
Lund, Skåne County, Sweden, Europ
Fredericia, Southern Denmark, Denmark, Europ
Halmstad, Halland County, Sweden, Europ
Albuquerque, New Mexico, USA, North Americ
Gothenburg, Västra Götaland County, Sweden, Europ
Aarhus, Central Denmark Region, Denmark, Europ
Toulon, Provence-Alpes-Côte d'Azur, France, Europ
Essen, North Rhine-Westphalia, Germany, Europ
Sacramento, California, USA, North Americ
Kiel, Schleswig-Holstein, Germany, Europ
Abbotsford, British Columbia, Canada, North Americ
Norwich, Norfolk, UK, Europ
York, North Yorkshire, UK, Europ
Lyon, Auvergne-Rhône-Alpes, France, Europ
Luleå, Norrbotten County, Sweden, Europ
Køge, Zealand, Denmark, Europ
Bologna, Emilia-Romagna, Italy, Europ
Berlin, Berlin, Germany, Europe
Lyon, Auvergne-Rhône-Alpes, France, Europ
Paris, Île-de-France, France, Europe
San Antonio, Texas, USA, North Americ
Nuremberg, Bavaria, Germany, Europ
Helsingborg, Skåne County, Sweden, Europ
Albertslund, Capital Region, Denmark, Europ
Münster, North Rhine-Westphalia, Germany, Europ
Holbæk, Zealand, Denmark, Europ
Bordeaux, Nouvelle-Aquitaine, France, Europ
Taastrup, Capital Region, Denmark, Europ
Columbus, Ohio, USA, North Americ
Winnipeg, Manitoba, Canada, North Americ
Belfast, Northern Ireland, UK, Europ
Kamloops, British Columbia, Canada, North Americ
Modena, Emilia-Romagna, Italy, Europ
Mönchengladbach, North Rhine-Westphalia, Germany, Europ
Modena, Emilia-Romagna, Italy, Europ
Strasbourg, Grand Est, France, Europ
Portsmouth, Hampshire, UK, Europ
Dallas, Texas, USA, North Americ
Venice, Veneto, Italy, Europ
Milan, Lombardy, Italy, Europ
Wolverhampton, West Midlands, UK, Europ
Eskilstuna, Södermanland County, Sweden, Europ
Stoke-on-Trent, Staffordshire, UK, Europ
Portland, Oregon, USA, North Americ
Aix-en-Provence, Provence-Alpes-Côte d'Azur, France, Europ
Atlanta, Georgia, USA, North Americ
Essen, North Rhine-Westphalia, Germany, Europ
Trieste, Friuli-Venezia Giulia, Italy, Europ
Arlington, Texas, USA, North Americ
Stoke-on-Trent, Staffordshire, UK, Europ
Nottingham, Nottinghamshire, UK, Europ
Tampa, Florida, USA, North Americ
Barrie, Ontario, Canada, North Americ
Trelleborg, Skåne County, Sweden, Europ
Luleå, Norrbotten County, Sweden, Europ
Fredericia, Southern Denmark, Denmark, Europ
Fredericia, Southern Denmark, Denmark, Europ
Slagelse, Zealand, Denmark, Europ
Taastrup, Capital Region, Denmark, Europ
Glasgow, Scotland, UK, Europ
Viborg, Central Denmark Region, Denmark, Europ
Omaha, Nebraska, USA, North Americ
Windsor, Ontario, Canada, North Americ
Washington, D.C., USA, North America
Metz, Grand Est, France, Europ
Cologne, North Rhine-Westphalia, Germany, Europ
Sacramento, California, USA, North Americ
Livorno, Tuscany, Italy, Europ
Cannes, Provence-Alpes-Côte d'Azur, France, Europ
Ravenna, Emilia-Romagna, Italy, Europ
Winnipeg, Manitoba, Canada, North Americ
Duisburg, North Rhine-Westphalia, Germany, Europ
Exeter, Devon, UK, Europ
Cambridge, Cambridgeshire, UK, Europ
Washington, D.C., USA, North America
Helsingør, Capital Region, Denmark, Europ
Long Beach, California, USA, North Americ
Eskilstuna, Södermanland County, Sweden, Europ
Livorno, Tuscany, Italy, Europ
Trieste, Friuli-Venezia Giulia, Italy, Europ
Omaha, Nebraska, USA, North Americ
Ottawa, Ontario, Canada, North Americ
Holstebro, Central Denmark Region, Denmark, Europ
Nantes, Pays de la Loire, France, Europ
Catania, Sicily, Italy, Europ
Strasbourg, Grand Est, France, Europ
Karlskrona, Blekinge County, Sweden, Europ
Catania, Sicily, Italy, Europ
Columbus, Ohio, USA, North Americ
Hillerød, Capital Region, Denmark, Europ
Portland, Oregon, USA, North Americ
Esbjerg, Southern Denmark, Denmark, Europ
Sherbrooke, Quebec, Canada, North Americ
Randers, Central Denmark Region, Denmark, Europ
Södertälje, Stockholm County, Sweden, Europ
Atlanta, Georgia, USA, North Americ
Las Vegas, Nevada, USA, North Americ
Aarhus, Central Denmark Region, Denmark, Europ
Kamloops, British Columbia, Canada, North Americ
El Paso, Texas, USA, North Americ
Calgary, Alberta, Canada, North Americ
Albuquerque, New Mexico, USA, North Americ
Frankfurt, Hesse, Germany, Europ
Kitchener, Ontario, Canada, North Americ
Hanover, Lower Saxony, Germany, Europ
Exeter, Devon, UK, Europ
New York, New York, USA, North America
Glasgow, Scotland, UK, Europ
Oshawa, Ontario, Canada, North Americ
Houston, Texas, USA, North Americ
Strasbourg, Grand Est, France, Europ
Plymouth, Devon, UK, Europ
Sherbrooke, Quebec, Canada, North Americ
Fort Worth, Texas, USA, North Americ
Hamburg, Hamburg, Germany, Europ
Las Vegas, Nevada, USA, North Americ
Las Vegas, Nevada, USA, North Americ
Dallas, Texas, USA, North Americ
Roskilde, Zealand, Denmark, Europ
Essen, North Rhine-Westphalia, Germany, Europ
Padua, Veneto, Italy, Europ
Gelsenkirchen, North Rhine-Westphalia, Germany, Europ
San Jose, California, USA, North Americ
Brighton, East Sussex, UK, Europ
Hillerød, Capital Region, Denmark, Europ
London, Ontario, Canada, North Americ
Barrie, Ontario, Canada, North Americ
Lund, Skåne County, Sweden, Europ
Coventry, West Midlands, UK, Europ
Columbus, Ohio, USA, North Americ
Nashville, Tennessee, USA, North Americ
Modena, Emilia-Romagna, Italy, Europ
Worcester, Worcestershire, UK, Europ
Tulsa, Oklahoma, USA, North Americ
Kelowna, British Columbia, Canada, North Americ
Edmonton, Alberta, Canada, North Americ
Essen, North Rhine-Westphalia, Germany, Europ
Belfast, Northern Ireland, UK, Europ
Helsingør, Capital Region, Denmark, Europ
Halifax, Nova Scotia, Canada, North Americ
Nantes, Pays de la Loire, France, Europ
Trois-Rivières, Quebec, Canada, North Americ
Aalborg, North Denmark Region, Denmark, Europ
Paris, Île-de-France, France, Europe
Exeter, Devon, UK, Europ
Mannheim, Baden-Württemberg, Germany, Europ
Edmonton, Alberta, Canada, North Americ
Quebec City, Quebec, Canada, North Americ
Prato, Tuscany, Italy, Europ
Bristol, Bristol, UK, Europ
Stockholm, Stockholm County, Sweden, Europe
Kitchener, Ontario, Canada, North Americ
Chemnitz, Saxony, Germany, Europ
Columbus, Ohio, USA, North Americ
Turin, Piedmont, Italy, Europ
Bologna, Emilia-Romagna, Italy, Europ
Arlington, Texas, USA, North Americ
Nuremberg, Bavaria, Germany, Europ
Nuremberg, Bavaria, Germany, Europ
Fort Worth, Texas, USA, North Americ
Catania, Sicily, Italy, Europ
Winnipeg, Manitoba, Canada, North Americ
Nashville, Tennessee, USA, North Americ
Le Havre, Normandy, France, Europ
Växjö, Kronoberg County, Sweden, Europ
Manchester, Greater Manchester, UK, Europ
Norrköping, Östergötland County, Sweden, Europ
Toulouse, Occitanie, France, Europ
Guelph, Ontario, Canada, North Americ
Toulon, Provence-Alpes-Côte d'Azur, France, Europ
Oxford, Oxfordshire, UK, Europ
Inverness, Scotland, UK, Europ
London, Ontario, Canada, North Americ
Lyon, Auvergne-Rhône-Alpes, France, Europ
Horsens, Central Denmark Region, Denmark, Europ
Wuppertal, North Rhine-Westphalia, Germany, Europ
Stirling, Scotland, UK, Europ
Phoenix, Arizona, USA, North Americ
Clermont-Ferrand, Auvergne-Rhône-Alpes, France, Europ
Wichita, Kansas, USA, North Americ
Catania, Sicily, Italy, Europ
Karlstad, Värmland County, Sweden, Europ
Haderslev, Southern Denmark, Denmark, Europ
Columbus, Ohio, USA, North Americ
Gothenburg, Västra Götaland County, Sweden, Europ
Ravenna, Emilia-Romagna, Italy, Europ
Ravenna, Emilia-Romagna, Italy, Europ
Liverpool, Merseyside, UK, Europ
Paris, Île-de-France, France, Europe
Parma, Emilia-Romagna, Italy, Europ
Frederikshavn, North Denmark Region, Denmark, Europ
Chemnitz, Saxony, Germany, Europ
Luleå, Norrbotten County, Sweden, Europ
Haderslev, Southern Denmark, Denmark, Europ
Livorno, Tuscany, Italy, Europ
Columbus, Ohio, USA, North Americ
Karlsruhe, Baden-Württemberg, Germany, Europ
Foggia, Apulia, Italy, Europ
Abbotsford, British Columbia, Canada, North Americ
Nashville, Tennessee, USA, North Americ
Memphis, Tennessee, USA, North Americ
Odense, Southern Denmark, Denmark, Europ
Fredericia, Southern Denmark, Denmark, Europ
Hjørring, North Denmark Region, Denmark, Europ
Bonn, North Rhine-Westphalia, Germany, Europ
Gelsenkirchen, North Rhine-Westphalia, Germany, Europ
El Paso, Texas, USA, North Americ
Dortmund, North Rhine-Westphalia, Germany, Europ
Padua, Veneto, Italy, Europ
Nuremberg, Bavaria, Germany, Europ
Lancaster, Lancashire, UK, Europ
Nancy, Grand Est, France, Europ
Oklahoma City, Oklahoma, USA, North Americ
Kiel, Schleswig-Holstein, Germany, Europ
Falun, Dalarna County, Sweden, Europ
Brantford, Ontario, Canada, North Americ
Kansas City, Missouri, USA, North Americ
Long Beach, California, USA, North Americ
Liverpool, Merseyside, UK, Europ
Ravenna, Emilia-Romagna, Italy, Europ
Charlotte, North Carolina, USA, North Americ
Reading, Berkshire, UK, Europ
Newcastle, Tyne and Wear, UK, Europ
Indianapolis, Indiana, USA, North Americ
Paris, Île-de-France, France, Europe
Swansea, Wales, UK, Europ
Denver, Colorado, USA, North Americ
Leeds, West Yorkshire, UK, Europ
Belfast, Northern Ireland, UK, Europ
Norwich, Norfolk, UK, Europ
Angers, Pays de la Loire, France, Europ
Naples, Campania, Italy, Europ
Stuttgart, Baden-Württemberg, Germany, Europ
Haderslev, Southern Denmark, Denmark, Europ
Oshawa, Ontario, Canada, North Americ
Tours, Centre-Val de Loire, France, Europ
Taranto, Apulia, Italy, Europ
Ferrara, Emilia-Romagna, Italy, Europ
Salerno, Campania, Italy, Europ
Lille, Hauts-de-France, France, Europ
Augsburg, Bavaria, Germany, Europ
Stirling, Scotland, UK, Europ
Düsseldorf, North Rhine-Westphalia, Germany, Europ
Cardiff, Wales, UK, Europ
Lancaster, Lancashire, UK, Europ
Kingston, Ontario, Canada, North Americ
Stuttgart, Baden-Württemberg, Germany, Europ
Houston, Texas, USA, North Americ
Toronto, Ontario, Canada, North America
Sudbury, Ontario, Canada, North Americ
Växjö, Kronoberg County, Sweden, Europ
Reggio Emilia, Emilia-Romagna, Italy, Europ
Red Deer, Alberta, Canada, North Americ
Hjørring, North Denmark Region, Denmark, Europ
Nantes, Pays de la Loire, France, Europ
Dijon, Bourgogne-Franche-Comté, France, Europ
Sacramento, California, USA, North Americ
Leeds, West Yorkshire, UK, Europ
Nuremberg, Bavaria, Germany, Europ
Sundsvall, Västernorrland County, Sweden, Europ
Washington, D.C., USA, North America
Bari, Apulia, Italy, Europ
Victoria, British Columbia, Canada, North Americ
Silkeborg, Central Denmark Region, Denmark, Europ
Limoges, Nouvelle-Aquitaine, France, Europ
Luleå, Norrbotten County, Sweden, Europ
Las Vegas, Nevada, USA, North Americ
Atlanta, Georgia, USA, North Americ
Gothenburg, Västra Götaland County, Sweden, Europ
Toronto, Ontario, Canada, North America
Baltimore, Maryland, USA, North Americ
Perpignan, Occitanie, France, Europ
Leipzig, Saxony, Germany, Europ
Eskilstuna, Södermanland County, Sweden, Europ
Bochum, North Rhine-Westphalia, Germany, Europ
Tulsa, Oklahoma, USA, North Americ
Oakland, California, USA, North Americ
Foggia, Apulia, Italy, Europ
Herlev, Capital Region, Denmark, Europ
Poitiers, Nouvelle-Aquitaine, France, Europ
Miami, Florida, USA, North Americ
Oakland, California, USA, North Americ
Jacksonville, Florida, USA, North Americ
Metz, Grand Est, France, Europ
Sudbury, Ontario, Canada, North Americ
Kansas City, Missouri, USA, North Americ
Manchester, Greater Manchester, UK, Europ
Münster, North Rhine-Westphalia, Germany, Europ
Bologna, Emilia-Romagna, Italy, Europ
Brest, Brittany, France, Europ
Västerås, Västmanland County, Sweden, Europ
Southampton, Hampshire, UK, Europ
Rouen, Normandy, France, Europ
Münster, North Rhine-Westphalia, Germany, Europ
Clermont-Ferrand, Auvergne-Rhône-Alpes, France, Europ
Liverpool, Merseyside, UK, Europ
Tucson, Arizona, USA, North Americ
Messina, Sicily, Italy, Europ
Gothenburg, Västra Götaland County, Sweden, Europ
Dundee, Scotland, UK, Europ
Brest, Brittany, France, Europ
Seattle, Washington, USA, North Americ
Coventry, West Midlands, UK, Europ
Philadelphia, Pennsylvania, USA, North Americ
Sundsvall, Västernorrland County, Sweden, Europ
Edinburgh, Scotland, UK, Europ
Coventry, West Midlands, UK, Europ
Bochum, North Rhine-Westphalia, Germany, Europ
Salerno, Campania, Italy, Europ
Worcester, Worcestershire, UK, Europ
Aachen, North Rhine-Westphalia, Germany, Europ
Orléans, Centre-Val de Loire, France, Europ
Sacramento, California, USA, North Americ
Hamburg, Hamburg, Germany, Europ
Stirling, Scotland, UK, Europ
Vejle, Southern Denmark, Denmark, Europ
Moncton, New Brunswick, Canada, North Americ
Berlin, Berlin, Germany, Europe
Brighton, East Sussex, UK, Europ
Boden, Norrbotten County, Sweden, Europ
Tours, Centre-Val de Loire, France, Europ
Kalmar, Kalmar County, Sweden, Europ
Rome, Lazio, Italy, Europe
Orléans, Centre-Val de Loire, France, Europ
Sarnia, Ontario, Canada, North Americ
Stockholm, Stockholm County, Sweden, Europe
Esbjerg, Southern Denmark, Denmark, Europ
Regina, Saskatchewan, Canada, North Americ
Catania, Sicily, Italy, Europ
Foggia, Apulia, Italy, Europ
Ferrara, Emilia-Romagna, Italy, Europ
Tampa, Florida, USA, North Americ
Kamloops, British Columbia, Canada, North Americ
Houston, Texas, USA, North Americ
Portsmouth, Hampshire, UK, Europ
Quebec City, Quebec, Canada, North Americ
Växjö, Kronoberg County, Sweden, Europ
Victoria, British Columbia, Canada, North Americ
Liverpool, Merseyside, UK, Europ
Frankfurt, Hesse, Germany, Europ
Florence, Tuscany, Italy, Europ
Oakland, California, USA, North Americ
Rome, Lazio, Italy, Europe
Saguenay, Quebec, Canada, North Americ
Dresden, Saxony, Germany, Europ
Victoria, British Columbia, Canada, North Americ
Linköping, Östergötland County, Sweden, Europ
Swansea, Wales, UK, Europ
Tucson, Arizona, USA, North Americ
Memphis, Tennessee, USA, North Americ
Kelowna, British Columbia, Canada, North Americ
Fredericia, Southern Denmark, Denmark, Europ
Victoria, British Columbia, Canada, North Americ
Atlanta, Georgia, USA, North Americ
Seattle, Washington, USA, North Americ
Dundee, Scotland, UK, Europ
Guelph, Ontario, Canada, North Americ
Nanaimo, British Columbia, Canada, North Americ
Ferrara, Emilia-Romagna, Italy, Europ
Rennes, Brittany, France, Europ
Nashville, Tennessee, USA, North Americ
Augsburg, Bavaria, Germany, Europ
Mönchengladbach, North Rhine-Westphalia, Germany, Europ
Virginia Beach, Virginia, USA, North Americ
Leipzig, Saxony, Germany, Europ
Reading, Berkshire, UK, Europ
Frankfurt, Hesse, Germany, Europ
Turin, Piedmont, Italy, Europ
Venice, Veneto, Italy, Europ
Windsor, Ontario, Canada, North Americ
Horsens, Central Denmark Region, Denmark, Europ
Frederikshavn, North Denmark Region, Denmark, Europ
Fredericton, New Brunswick, Canada, North Americ
Køge, Zealand, Denmark, Europ
Cardiff, Wales, UK, Europ
Calgary, Alberta, Canada, North Americ
Bologna, Emilia-Romagna, Italy, Europ
Paris, Île-de-France, France, Europe
Copenhagen, Capital Region, Denmark, Europe
Memphis, Tennessee, USA, North Americ
Modena, Emilia-Romagna, Italy, Europ
San Diego, California, USA, North Americ
Örebro, Örebro County, Sweden, Europ
San Diego, California, USA, North Americ
Louisville, Kentucky, USA, North Americ
Le Havre, Normandy, France, Europ
Nantes, Pays de la Loire, France, Europ
Wiesbaden, Hesse, Germany, Europ
Oshawa, Ontario, Canada, North Americ
Boston, Massachusetts, USA, North Americ
Randers, Central Denmark Region, Denmark, Europ
Viborg, Central Denmark Region, Denmark, Europ
Aalborg, North Denmark Region, Denmark, Europ
Paris, Île-de-France, France, Europe
Bielefeld, North Rhine-Westphalia, Germany, Europ
Oklahoma City, Oklahoma, USA, North Americ
Besançon, Bourgogne-Franche-Comté, France, Europ
Nanaimo, British Columbia, Canada, North Americ
Bath, Somerset, UK, Europ
Messina, Sicily, Italy, Europ
Manchester, Greater Manchester, UK, Europ
Boden, Norrbotten County, Sweden, Europ
Örebro, Örebro County, Sweden, Europ
London, Ontario, Canada, North Americ
Belfast, Northern Ireland, UK, Europ
Portland, Oregon, USA, North Americ
Randers, Central Denmark Region, Denmark, Europ
Villeurbanne, Auvergne-Rhône-Alpes, France, Europ
Naples, Campania, Italy, Europ
Glostrup, Capital Region, Denmark, Europ
Reggio Calabria, Calabria, Italy, Europ
Quebec City, Quebec, Canada, North Americ
Ferrara, Emilia-Romagna, Italy, Europ
Palermo, Sicily, Italy, Europ
Glasgow, Scotland, UK, Europ
Paris, Île-de-France, France, Europe
Tucson, Arizona, USA, North Americ
Glostrup, Capital Region, Denmark, Europ
Luleå, Norrbotten County, Sweden, Europ
Chilliwack, British Columbia, Canada, North Americ
Rome, Lazio, Italy, Europe
Moncton, New Brunswick, Canada, North Americ
Canterbury, Kent, UK, Europ
Poitiers, Nouvelle-Aquitaine, France, Europ
San Jose, California, USA, North Americ
Taastrup, Capital Region, Denmark, Europ
Bath, Somerset, UK, Europ
Austin, Texas, USA, North Americ
Besançon, Bourgogne-Franche-Comté, France, Europ
Barrie, Ontario, Canada, North Americ
Washington, D.C., USA, North America
Saguenay, Quebec, Canada, North Americ
Exeter, Devon, UK, Europ
Livorno, Tuscany, Italy, Europ
Barrie, Ontario, Canada, North Americ
Vejle, Southern Denmark, Denmark, Europ
Kingston, Ontario, Canada, North Americ
Bremen, Bremen, Germany, Europ
Abbotsford, British Columbia, Canada, North Americ
Düsseldorf, North Rhine-Westphalia, Germany, Europ
Metz, Grand Est, France, Europ
Glostrup, Capital Region, Denmark, Europ
Kiel, Schleswig-Holstein, Germany, Europ
Winnipeg, Manitoba, Canada, North Americ
Modena, Emilia-Romagna, Italy, Europ
Leipzig, Saxony, Germany, Europ
Toronto, Ontario, Canada, North America
Hillerød, Capital Region, Denmark, Europ
Saguenay, Quebec, Canada, North Americ
Lyon, Auvergne-Rhône-Alpes, France, Europ
Messina, Sicily, Italy, Europ
Chicago, Illinois, USA, North Americ
Køge, Zealand, Denmark, Europ
Sudbury, Ontario, Canada, North Americ
Detroit, Michigan, USA, North Americ
Clermont-Ferrand, Auvergne-Rhône-Alpes, France, Europ
Bremen, Bremen, Germany, Europ
Cardiff, Wales, UK, Europ
Naples, Campania, Italy, Europ
Aarhus, Central Denmark Region, Denmark, Europ
Thunder Bay, Ontario, Canada, North Americ
Östersund, Jämtland County, Sweden, Europ
Södertälje, Stockholm County, Sweden, Europ
Swansea, Wales, UK, Europ
Catania, Sicily, Italy, Europ
Messina, Sicily, Italy, Europ
New Orleans, Louisiana, USA, North Americ
Hamilton, Ontario, Canada, North Americ
Foggia, Apulia, Italy, Europ
Orléans, Centre-Val de Loire, France, Europ
Fresno, California, USA, North Americ
Exeter, Devon, UK, Europ
Virginia Beach, Virginia, USA, North Americ
Detroit, Michigan, USA, North Americ
Sundsvall, Västernorrland County, Sweden, Europ
Berlin, Berlin, Germany, Europe
Kristianstad, Skåne County, Sweden, Europ
Trelleborg, Skåne County, Sweden, Europ
Frankfurt, Hesse, Germany, Europ
Moncton, New Brunswick, Canada, North Americ
Moncton, New Brunswick, Canada, North Americ
Uppsala, Uppsala County, Sweden, Europ
New Orleans, Louisiana, USA, North Americ
Bath, Somerset, UK, Europ
Verona, Veneto, Italy, Europ
Portland, Oregon, USA, North Americ
Victoria, British Columbia, Canada, North Americ
Frankfurt, Hesse, Germany, Europ
Aalborg, North Denmark Region, Denmark, Europ
Bochum, North Rhine-Westphalia, Germany, Europ
Cologne, North Rhine-Westphalia, Germany, Europ
Ferrara, Emilia-Romagna, Italy, Europ
Red Deer, Alberta, Canada, North Americ
Belleville, Ontario, Canada, North Americ
Leicester, Leicestershire, UK, Europ
Lethbridge, Alberta, Canada, North Americ
Örebro, Örebro County, Sweden, Europ
Inverness, Scotland, UK, Europ
Grenoble, Auvergne-Rhône-Alpes, France, Europ
Stuttgart, Baden-Württemberg, Germany, Europ
Dallas, Texas, USA, North Americ
Padua, Veneto, Italy, Europ
Angers, Pays de la Loire, France, Europ
Odense, Southern Denmark, Denmark, Europ
Palermo, Sicily, Italy, Europ
Quebec City, Quebec, Canada, North Americ
Arlington, Texas, USA, North Americ
Detroit, Michigan, USA, North Americ
Cannes, Provence-Alpes-Côte d'Azur, France, Europ
Næstved, Zealand, Denmark, Europ
Cambridge, Cambridgeshire, UK, Europ
Limoges, Nouvelle-Aquitaine, France, Europ
Columbus, Ohio, USA, North Americ
Malmö, Skåne County, Sweden, Europ
Odense, Southern Denmark, Denmark, Europ
Mönchengladbach, North Rhine-Westphalia, Germany, Europ
Messina, Sicily, Italy, Europ
Portland, Oregon, USA, North Americ
Hanover, Lower Saxony, Germany, Europ
Hamburg, Hamburg, Germany, Europ
Nîmes, Occitanie, France, Europ
Roskilde, Zealand, Denmark, Europ
Aalborg, North Denmark Region, Denmark, Europ
Bologna, Emilia-Romagna, Italy, Europ
Cambridge, Cambridgeshire, UK, Europ
Kansas City, Missouri, USA, North Americ
Jönköping, Jönköping County, Sweden, Europ
Virginia Beach, Virginia, USA, North Americ
Messina, Sicily, Italy, Europ
Charlotte, North Carolina, USA, North Americ
Holstebro, Central Denmark Region, Denmark, Europ
Rimini, Emilia-Romagna, Italy, Europ
Houston, Texas, USA, North Americ
Roskilde, Zealand, Denmark, Europ
Lichfield, Staffordshire, UK, Europ
Limoges, Nouvelle-Aquitaine, France, Europ
Kristianstad, Skåne County, Sweden, Europ
Victoria, British Columbia, Canada, North Americ
Reggio Emilia, Emilia-Romagna, Italy, Europ
Plymouth, Devon, UK, Europ
Los Angeles, California, USA, North America
Florence, Tuscany, Italy, Europ
Frederikshavn, North Denmark Region, Denmark, Europ
Södertälje, Stockholm County, Sweden, Europ
Halmstad, Halland County, Sweden, Europ
Karlstad, Värmland County, Sweden, Europ
Portland, Oregon, USA, North Americ
Clermont-Ferrand, Auvergne-Rhône-Alpes, France, Europ
Nanaimo, British Columbia, Canada, North Americ
Borås, Västra Götaland County, Sweden, Europ
Philadelphia, Pennsylvania, USA, North Americ
San Francisco, California, USA, North Americ
Austin, Texas, USA, North Americ
Minneapolis, Minnesota, USA, North Americ
Ottawa, Ontario, Canada, North Americ
Parma, Emilia-Romagna, Italy, Europ
Randers, Central Denmark Region, Denmark, Europ
Skövde, Västra Götaland County, Sweden, Europ
Fredericia, Southern Denmark, Denmark, Europ
Horsens, Central Denmark Region, Denmark, Europ
Wichita, Kansas, USA, North Americ
Le Havre, Normandy, France, Europ
Stuttgart, Baden-Württemberg, Germany, Europ
Växjö, Kronoberg County, Sweden, Europ
Brighton, East Sussex, UK, Europ
Slagelse, Zealand, Denmark, Europ
Nice, Provence-Alpes-Côte d'Azur, France, Europ
Uppsala, Uppsala County, Sweden, Europ
Vancouver, British Columbia, Canada, North Americ
Moncton, New Brunswick, Canada, North Americ
Skövde, Västra Götaland County, Sweden, Europ
Brescia, Lombardy, Italy, Europ
Essen, North Rhine-Westphalia, Germany, Europ
Gothenburg, Västra Götaland County, Sweden, Europ
San Diego, California, USA, North Americ
Lancaster, Lancashire, UK, Europ
Helsingborg, Skåne County, Sweden, Europ
Livorno, Tuscany, Italy, Europ
Wichita, Kansas, USA, North Americ
Brest, Brittany, France, Europ
Brest, Brittany, France, Europ
Poitiers, Nouvelle-Aquitaine, France, Europ
Windsor, Ontario, Canada, North Americ
St. John's, Newfoundland and Labrador, Canada, North Americ
San Diego, California, USA, North Americ
Mannheim, Baden-Württemberg, Germany, Europ
Derby, Derbyshire, UK, Europ
Montpellier, Occitanie, France, Europ
Belfast, Northern Ireland, UK, Europ
Cardiff, Wales, UK, Europ
Gloucester, Gloucestershire, UK, Europ
Ottawa, Ontario, Canada, North Americ
Reading, Berkshire, UK, Europ
Edmonton, Alberta, Canada, North Americ
Kolding, Southern Denmark, Denmark, Europ
Victoria, British Columbia, Canada, North Americ
Kristianstad, Skåne County, Sweden, Europ
Bristol, Bristol, UK, Europ
Dunkirk, Hauts-de-France, France, Europ
Munich, Bavaria, Germany, Europ
Leeds, West Yorkshire, UK, Europ
Reggio Calabria, Calabria, Italy, Europ
Catania, Sicily, Italy, Europ
Limoges, Nouvelle-Aquitaine, France, Europ
Sheffield, South Yorkshire, UK, Europ
Chilliwack, British Columbia, Canada, North Americ
Roskilde, Zealand, Denmark, Europ
Fredericia, Southern Denmark, Denmark, Europ
Esbjerg, Southern Denmark, Denmark, Europ
Victoria, British Columbia, Canada, North Americ
Montreal, Quebec, Canada, North America
Taastrup, Capital Region, Denmark, Europ
Bari, Apulia, Italy, Europ
Columbus, Ohio, USA, North Americ
Sherbrooke, Quebec, Canada, North Americ
Bochum, North Rhine-Westphalia, Germany, Europ
Essen, North Rhine-Westphalia, Germany, Europ
Gävle, Gävleborg County, Sweden, Europ
Houston, Texas, USA, North Americ
Oklahoma City, Oklahoma, USA, North Americ
Aberdeen, Scotland, UK, Europ
Hamilton, Ontario, Canada, North Americ
Kamloops, British Columbia, Canada, North Americ
Frankfurt, Hesse, Germany, Europ
San Francisco, California, USA, North Americ
Borås, Västra Götaland County, Sweden, Europ
Norrköping, Östergötland County, Sweden, Europ
Randers, Central Denmark Region, Denmark, Europ
Herlev, Capital Region, Denmark, Europ
Gävle, Gävleborg County, Sweden, Europ
Long Beach, California, USA, North Americ
Luleå, Norrbotten County, Sweden, Europ
Esbjerg, Southern Denmark, Denmark, Europ
Prato, Tuscany, Italy, Europ
Bremen, Bremen, Germany, Europ
Las Vegas, Nevada, USA, North Americ
Chilliwack, British Columbia, Canada, North Americ
Perpignan, Occitanie, France, Europ
Raleigh, North Carolina, USA, North Americ
Holbæk, Zealand, Denmark, Europ
Nice, Provence-Alpes-Côte d'Azur, France, Europ
Münster, North Rhine-Westphalia, Germany, Europ
Rennes, Brittany, France, Europ
Brest, Brittany, France, Europ
Belleville, Ontario, Canada, North Americ
Abbotsford, British Columbia, Canada, North Americ
Västerås, Västmanland County, Sweden, Europ
Naples, Campania, Italy, Europ
Coventry, West Midlands, UK, Europ
Herning, Central Denmark Region, Denmark, Europ
Nice, Provence-Alpes-Côte d'Azur, France, Europ
Belleville, Ontario, Canada, North Americ
Køge, Zealand, Denmark, Europ
Quebec City, Quebec, Canada, North Americ
Brest, Brittany, France, Europ
Lancaster, Lancashire, UK, Europ
Genoa, Liguria, Italy, Europ
San Francisco, California, USA, North Americ
Malmö, Skåne County, Sweden, Europ
Münster, North Rhine-Westphalia, Germany, Europ
Næstved, Zealand, Denmark, Europ
Washington, D.C., USA, North America
Trieste, Friuli-Venezia Giulia, Italy, Europ
Villeurbanne, Auvergne-Rhône-Alpes, France, Europ
London, Greater London, UK, Europe
Nice, Provence-Alpes-Côte d'Azur, France, Europ
Bochum, North Rhine-Westphalia, Germany, Europ
Dunkirk, Hauts-de-France, France, Europ
Naples, Campania, Italy, Europ
Aberdeen, Scotland, UK, Europ
Bielefeld, North Rhine-Westphalia, Germany, Europ
Lethbridge, Alberta, Canada, North Americ
Tours, Centre-Val de Loire, France, Europ
Sherbrooke, Quebec, Canada, North Americ
Derby, Derbyshire, UK, Europ
Trelleborg, Skåne County, Sweden, Europ
Limoges, Nouvelle-Aquitaine, France, Europ
Eskilstuna, Södermanland County, Sweden, Europ
Viborg, Central Denmark Region, Denmark, Europ
Gävle, Gävleborg County, Sweden, Europ
Skövde, Västra Götaland County, Sweden, Europ
Bremen, Bremen, Germany, Europ
Saskatoon, Saskatchewan, Canada, North Americ
Essen, North Rhine-Westphalia, Germany, Europ
Sherbrooke, Quebec, Canada, North Americ
Bielefeld, North Rhine-Westphalia, Germany, Europ
Reggio Emilia, Emilia-Romagna, Italy, Europ
Tampa, Florida, USA, North Americ
Los Angeles, California, USA, North America
Karlsruhe, Baden-Württemberg, Germany, Europ
Gloucester, Gloucestershire, UK, Europ
Thunder Bay, Ontario, Canada, North Americ
Bath, Somerset, UK, Europ
Horsens, Central Denmark Region, Denmark, Europ
Västerås, Västmanland County, Sweden, Europ
Saint John, New Brunswick, Canada, North Americ
London, Ontario, Canada, North Americ
Albuquerque, New Mexico, USA, North Americ
El Paso, Texas, USA, North Americ
Swansea, Wales, UK, Europ
Tampa, Florida, USA, North Americ
Kiel, Schleswig-Holstein, Germany, Europ
Herlev, Capital Region, Denmark, Europ
Inverness, Scotland, UK, Europ
Karlstad, Värmland County, Sweden, Europ
Gothenburg, Västra Götaland County, Sweden, Europ
Leicester, Leicestershire, UK, Europ
Chilliwack, British Columbia, Canada, North Americ
Münster, North Rhine-Westphalia, Germany, Europ
Wichita, Kansas, USA, North Americ
Perugia, Umbria, Italy, Europ
Trois-Rivières, Quebec, Canada, North Americ
Glasgow, Scotland, UK, Europ
Canterbury, Kent, UK, Europ
Esbjerg, Southern Denmark, Denmark, Europ
Bari, Apulia, Italy, Europ
Nottingham, Nottinghamshire, UK, Europ
Baltimore, Maryland, USA, North Americ
Randers, Central Denmark Region, Denmark, Europ
Jönköping, Jönköping County, Sweden, Europ
Villeurbanne, Auvergne-Rhône-Alpes, France, Europ
Strasbourg, Grand Est, France, Europ
Montreal, Quebec, Canada, North America
Mönchengladbach, North Rhine-Westphalia, Germany, Europ
Lille, Hauts-de-France, France, Europ
Paris, Île-de-France, France, Europe
Modena, Emilia-Romagna, Italy, Europ
Aix-en-Provence, Provence-Alpes-Côte d'Azur, France, Europ
Sudbury, Ontario, Canada, North Americ
Frankfurt, Hesse, Germany, Europ
Viborg, Central Denmark Region, Denmark, Europ
Louisville, Kentucky, USA, North Americ
Los Angeles, California, USA, North America
Houston, Texas, USA, North Americ
London, Greater London, UK, Europe
Phoenix, Arizona, USA, North Americ
Dresden, Saxony, Germany, Europ
Derby, Derbyshire, UK, Europ
Bologna, Emilia-Romagna, Italy, Europ
Silkeborg, Central Denmark Region, Denmark, Europ
Barrie, Ontario, Canada, North Americ
Frederikshavn, North Denmark Region, Denmark, Europ
Kansas City, Missouri, USA, North Americ
Wichita, Kansas, USA, North Americ
Sacramento, California, USA, North Americ
Nancy, Grand Est, France, Europ
Sherbrooke, Quebec, Canada, North Americ
Dijon, Bourgogne-Franche-Comté, France, Europ
Gelsenkirchen, North Rhine-Westphalia, Germany, Europ
Worcester, Worcestershire, UK, Europ
El Paso, Texas, USA, North Americ
Lyon, Auvergne-Rhône-Alpes, France, Europ
Trelleborg, Skåne County, Sweden, Europ
New York, New York, USA, North America
Herning, Central Denmark Region, Denmark, Europ
Livorno, Tuscany, Italy, Europ
Duisburg, North Rhine-Westphalia, Germany, Europ
Sudbury, Ontario, Canada, North Americ
Augsburg, Bavaria, Germany, Europ
Leipzig, Saxony, Germany, Europ
Kolding, Southern Denmark, Denmark, Europ
Køge, Zealand, Denmark, Europ
Derby, Derbyshire, UK, Europ
Mannheim, Baden-Württemberg, Germany, Europ
Omaha, Nebraska, USA, North Americ
Wuppertal, North Rhine-Westphalia, Germany, Europ
Oakland, California, USA, North Americ
Florence, Tuscany, Italy, Europ
Västerås, Västmanland County, Sweden, Europ
Belfast, Northern Ireland, UK, Europ
Charlotte, North Carolina, USA, North Americ
Colorado Springs, Colorado, USA, North Americ
Catania, Sicily, Italy, Europ
Hamburg, Hamburg, Germany, Europ
Colorado Springs, Colorado, USA, North Americ
Aarhus, Central Denmark Region, Denmark, Europ
Sherbrooke, Quebec, Canada, North Americ
Fredericton, New Brunswick, Canada, North Americ
Trois-Rivières, Quebec, Canada, North Americ
Kiel, Schleswig-Holstein, Germany, Europ
Nanaimo, British Columbia, Canada, North Americ
Venice, Veneto, Italy, Europ
St. John's, Newfoundland and Labrador, Canada, North Americ
Køge, Zealand, Denmark, Europ
Jacksonville, Florida, USA, North Americ
Cannes, Provence-Alpes-Côte d'Azur, France, Europ
Sarnia, Ontario, Canada, North Americ
Glasgow, Scotland, UK, Europ
Kitchener, Ontario, Canada, North Americ
Dunkirk, Hauts-de-France, France, Europ
Gävle, Gävleborg County, Sweden, Europ
Umeå, Västerbotten County, Sweden, Europ
Halifax, Nova Scotia, Canada, North Americ
Nanaimo, British Columbia, Canada, North Americ
Nantes, Pays de la Loire, France, Europ
Besançon, Bourgogne-Franche-Comté, France, Europ
Bonn, North Rhine-Westphalia, Germany, Europ
Peterborough, Ontario, Canada, North Americ
Sundsvall, Västernorrland County, Sweden, Europ
Limoges, Nouvelle-Aquitaine, France, Europ
Odense, Southern Denmark, Denmark, Europ
Randers, Central Denmark Region, Denmark, Europ
Toronto, Ontario, Canada, North America
Tucson, Arizona, USA, North Americ
Rennes, Brittany, France, Europ
Uppsala, Uppsala County, Sweden, Europ
Derby, Derbyshire, UK, Europ
Trois-Rivières, Quebec, Canada, North Americ
Baltimore, Maryland, USA, North Americ
Canterbury, Kent, UK, Europ
Vancouver, British Columbia, Canada, North Americ
Wiesbaden, Hesse, Germany, Europ
Indianapolis, Indiana, USA, North Americ
Brest, Brittany, France, Europ
York, North Yorkshire, UK, Europ
Reggio Calabria, Calabria, Italy, Europ
Glasgow, Scotland, UK, Europ
Padua, Veneto, Italy, Europ
Los Angeles, California, USA, North America
Houston, Texas, USA, North Americ
Venice, Veneto, Italy, Europ
Nashville, Tennessee, USA, North Americ
Münster, North Rhine-Westphalia, Germany, Europ
Portsmouth, Hampshire, UK, Europ
Calgary, Alberta, Canada, North Americ
Orléans, Centre-Val de Loire, France, Europ
Albertslund, Capital Region, Denmark, Europ
Rimini, Emilia-Romagna, Italy, Europ
Portland, Oregon, USA, North Americ
Abbotsford, British Columbia, Canada, North Americ
Stoke-on-Trent, Staffordshire, UK, Europ
Toronto, Ontario, Canada, North America
Worcester, Worcestershire, UK, Europ
Orléans, Centre-Val de Loire, France, Europ
London, Ontario, Canada, North Americ
Brighton, East Sussex, UK, Europ
Los Angeles, California, USA, North America
Vejle, Southern Denmark, Denmark, Europ
Philadelphia, Pennsylvania, USA, North Americ
Nîmes, Occitanie, France, Europ
Taranto, Apulia, Italy, Europ
Chilliwack, British Columbia, Canada, North Americ
Saskatoon, Saskatchewan, Canada, North Americ
Kamloops, British Columbia, Canada, North Americ
Moncton, New Brunswick, Canada, North Americ
Kelowna, British Columbia, Canada, North Americ
Linköping, Östergötland County, Sweden, Europ
York, North Yorkshire, UK, Europ
Rennes, Brittany, France, Europ
Birmingham, West Midlands, UK, Europ
Raleigh, North Carolina, USA, North Americ
Køge, Zealand, Denmark, Europ
Glasgow, Scotland, UK, Europ
Lichfield, Staffordshire, UK, Europ
Detroit, Michigan, USA, North Americ
Ferrara, Emilia-Romagna, Italy, Europ
Rennes, Brittany, France, Europ
Inverness, Scotland, UK, Europ
Leipzig, Saxony, Germany, Europ
Hamilton, Ontario, Canada, North Americ
Denver, Colorado, USA, North Americ
San Diego, California, USA, North Americ
Toulouse, Occitanie, France, Europ
Mannheim, Baden-Württemberg, Germany, Europ
Las Vegas, Nevada, USA, North Americ
Berlin, Berlin, Germany, Europe
